{
  "name": "bigbuckbunny_av1_640x360_q54.scst",
  "aesthetic_score": 99.990402,
  "technical_score": 11.1596,
  "overall_score": 91.197677
}