{
  "name": "bigbuckbunny_av1_1280x720_q48.scst",
  "aesthetic_score": 99.993457,
  "technical_score": 12.062842,
  "overall_score": 92.696753
}