{
  "name": "bigbuckbunny_dcvcrt_1280x720_q42.seedvr2",
  "aesthetic_score": 99.984388,
  "technical_score": 13.423933,
  "overall_score": 90.695076
}