{
  "name": "bigbuckbunny_av1_640x360_q54.rhea",
  "aesthetic_score": 99.972276,
  "technical_score": 6.970437,
  "overall_score": 83.330931
}