{
  "name": "bigbuckbunny_av1_1280x720_q48.dove",
  "aesthetic_score": 99.985026,
  "technical_score": 12.000948,
  "overall_score": 90.157734
}