{
  "name": "bigbuckbunny_av1_640x360_q54.seedvr2",
  "aesthetic_score": 99.967224,
  "technical_score": 10.536741,
  "overall_score": 86.057851
}