{
  "name": "bigbuckbunny_av1_640x360_q54.lanczos",
  "aesthetic_score": 99.931548,
  "technical_score": 4.229793,
  "overall_score": 71.795523
}