{
  "name": "bigbuckbunny_av1_1280x720_q48.seedvr2",
  "aesthetic_score": 99.983303,
  "technical_score": 12.178516,
  "overall_score": 89.867892
}