{
  "name": "bigbuckbunny_av1_1280x720_q48.lanczos",
  "aesthetic_score": 99.970964,
  "technical_score": 9.497634,
  "overall_score": 85.77704
}