{
  "name": "bigbuckbunny_av1_1280x720_q48.rhea",
  "aesthetic_score": 99.980684,
  "technical_score": 12.341908,
  "overall_score": 89.427115
}