{
  "name": "bigbuckbunny_dcvcrt_1280x720_q42.rhea",
  "aesthetic_score": 99.983643,
  "technical_score": 12.000456,
  "overall_score": 89.847741
}