{
  "name": "bigbuckbunny_dcvcrt_1280x720_q42.scst",
  "aesthetic_score": 99.994449,
  "technical_score": 12.421129,
  "overall_score": 93.248238
}