{
  "name": "daydreamer_av1_1280x720_q48.dove",
  "aesthetic_score": 97.886864,
  "technical_score": 4.543754,
  "overall_score": 40.993096
}