{
  "name": "daydreamer_av1_640x360_q54.seedvr2",
  "aesthetic_score": 87.047459,
  "technical_score": 4.407222,
  "overall_score": 24.308129
}