{
  "name": "daydreamer_av1_640x360_q54.scst",
  "aesthetic_score": 96.372514,
  "technical_score": 7.160508,
  "overall_score": 42.892004
}