{
  "name": "daydreamer_av1_640x360_q54.dove",
  "aesthetic_score": 92.685557,
  "technical_score": 3.967498,
  "overall_score": 27.773285
}