{
  "name": "daydreamer_av1_640x360_q54.rhea",
  "aesthetic_score": 98.104834,
  "technical_score": 4.005838,
  "overall_score": 40.099751
}