{
  "name": "daydreamer_av1_1280x720_q48.rhea",
  "aesthetic_score": 98.113891,
  "technical_score": 6.202734,
  "overall_score": 47.04378
}