{
  "name": "daydreamer_av1_1280x720_q48.lanczos",
  "aesthetic_score": 95.650793,
  "technical_score": 3.950651,
  "overall_score": 32.220989
}