{
  "name": "daydreamer_dcvcrt_1280x720_q42.dove",
  "aesthetic_score": 99.048517,
  "technical_score": 7.529785,
  "overall_score": 56.928389
}