{
  "name": "daydreamer_dcvcrt_1280x720_q42.scst",
  "aesthetic_score": 99.498184,
  "technical_score": 6.050867,
  "overall_score": 59.551173
}