{
  "name": "daydreamer_av1_1280x720_q48.seedvr2",
  "aesthetic_score": 95.345556,
  "technical_score": 6.47594,
  "overall_score": 38.855866
}