{
  "name": "daydreamer_av1_640x360_q54.lanczos",
  "aesthetic_score": 80.908094,
  "technical_score": 2.905962,
  "overall_score": 17.090309
}