{
  "name": "daydreamer_av1_1280x720_q48.scst",
  "aesthetic_score": 98.961013,
  "technical_score": 6.558477,
  "overall_score": 53.83321
}