{
  "name": "giftmord_av1_640x360_q54.scst",
  "aesthetic_score": 99.926911,
  "technical_score": 8.185178,
  "overall_score": 79.207896
}