{
  "name": "giftmord_av1_640x360_q54.seedvr2",
  "aesthetic_score": 99.904638,
  "technical_score": 6.005675,
  "overall_score": 73.70065
}