{
  "name": "giftmord_dcvcrt_640x360_q34.seedvr2",
  "aesthetic_score": 99.926301,
  "technical_score": 6.376686,
  "overall_score": 76.313655
}