{
  "name": "giftmord_av1_640x360_q54.rhea",
  "aesthetic_score": 99.935709,
  "technical_score": 8.366004,
  "overall_score": 80.250884
}