{
  "name": "giftmord_dcvcrt_1280x720_q42.scst",
  "aesthetic_score": 99.945015,
  "technical_score": 7.752283,
  "overall_score": 80.414757
}