{
  "name": "giftmord_dcvcrt_640x360_q34.rhea",
  "aesthetic_score": 99.932393,
  "technical_score": 7.167033,
  "overall_score": 78.246491
}