{
  "name": "giftmord_av1_1280x720_q48.lanczos",
  "aesthetic_score": 99.887593,
  "technical_score": 5.704432,
  "overall_score": 71.767726
}