{
  "name": "giftmord_dcvcrt_1280x720_q42.seedvr2",
  "aesthetic_score": 99.949078,
  "technical_score": 7.106708,
  "overall_score": 79.979518
}