{
  "name": "giftmord_dcvcrt_1280x720_q42.lanczos",
  "aesthetic_score": 99.927262,
  "technical_score": 6.628485,
  "overall_score": 76.858753
}