{
  "name": "giftmord_av1_1280x720_q48.dove",
  "aesthetic_score": 99.930345,
  "technical_score": 8.627173,
  "overall_score": 80.080144
}