{
  "name": "giftmord_av1_1280x720_q48.seedvr2",
  "aesthetic_score": 99.920313,
  "technical_score": 7.815799,
  "overall_score": 78.128406
}