{
  "name": "giftmord_av1_1280x720_q48.starlightmini",
  "aesthetic_score": 99.903753,
  "technical_score": 6.493453,
  "overall_score": 74.606025
}