{
  "name": "giftmord_dcvcrt_1280x720_q42.rhea",
  "aesthetic_score": 99.94009,
  "technical_score": 9.707443,
  "overall_score": 82.190987
}