{
  "name": "giftmord_av1_640x360_q54.lanczos",
  "aesthetic_score": 99.781483,
  "technical_score": 2.780946,
  "overall_score": 55.388786
}