{
  "name": "giftmord_original_1280x720_q0.dove",
  "aesthetic_score": 99.936945,
  "technical_score": 10.959477,
  "overall_score": 83.089259
}