{
  "name": "giftmord_av1_1280x720_q48.rhea",
  "aesthetic_score": 99.926154,
  "technical_score": 10.494526,
  "overall_score": 81.76841
}