{
  "name": "giftmord_dcvcrt_1280x720_q42.dove",
  "aesthetic_score": 99.950127,
  "technical_score": 7.649959,
  "overall_score": 80.871315
}