{
  "name": "giftmord_original_1280x720_q0.rhea",
  "aesthetic_score": 99.901889,
  "technical_score": 11.649177,
  "overall_score": 81.177544
}