{
  "name": "giftmord_av1_1280x720_q48.scst",
  "aesthetic_score": 99.93924,
  "technical_score": 8.938099,
  "overall_score": 81.279394
}