{
  "name": "giftmord_av1_640x360_q54.dove",
  "aesthetic_score": 99.894819,
  "technical_score": 6.641294,
  "overall_score": 74.226919
}