{
  "name": "sparks15_dcvcrt_1280x720_q42.scst",
  "aesthetic_score": 99.928121,
  "technical_score": 7.581325,
  "overall_score": 78.469321
}