{
  "name": "sparks15_original_3840x2160_q0.source",
  "aesthetic_score": 99.920034,
  "technical_score": 7.423542,
  "overall_score": 77.517787
}