{
  "name": "sparks15_av1_640x360_q54.lanczos",
  "aesthetic_score": 96.179229,
  "technical_score": 1.448379,
  "overall_score": 21.094906
}