{
  "name": "sparks15_dcvcrt_640x360_q34.rhea",
  "aesthetic_score": 99.792034,
  "technical_score": 5.427311,
  "overall_score": 65.941898
}