{
  "name": "sparks15_dcvcrt_640x360_q34.scst",
  "aesthetic_score": 99.831117,
  "technical_score": 4.600887,
  "overall_score": 65.380667
}