{
  "name": "sparks15_original_1280x720_q0.dove",
  "aesthetic_score": 99.936051,
  "technical_score": 9.471893,
  "overall_score": 81.567548
}