{
  "name": "sparks15_av1_640x360_q54.dove",
  "aesthetic_score": 97.988172,
  "technical_score": 3.597255,
  "overall_score": 37.911454
}