{
  "name": "sparks15_av1_1280x720_q48.starlightmini",
  "aesthetic_score": 99.844292,
  "technical_score": 8.973042,
  "overall_score": 75.098651
}