{
  "name": "sparks15_av1_640x360_q54.starlightmini",
  "aesthetic_score": 96.770419,
  "technical_score": 3.365617,
  "overall_score": 32.636445
}