{
  "name": "sparks15_dcvcrt_1280x720_q42.lanczos",
  "aesthetic_score": 99.904837,
  "technical_score": 4.784461,
  "overall_score": 70.778281
}