{
  "name": "sparks15_av1_640x360_q54.seedvr2",
  "aesthetic_score": 95.983376,
  "technical_score": 2.315666,
  "overall_score": 25.967524
}