{
  "name": "sparks15_dcvcrt_640x360_q34.lanczos",
  "aesthetic_score": 99.223585,
  "technical_score": 2.096797,
  "overall_score": 38.784463
}