{
  "name": "sparks15_original_1280x720_q0.rhea",
  "aesthetic_score": 99.925678,
  "technical_score": 9.541203,
  "overall_score": 80.746654
}