{
  "name": "sparks15_av1_640x360_q54.rhea",
  "aesthetic_score": 99.788441,
  "technical_score": 3.921134,
  "overall_score": 60.967732
}