{
  "name": "sparks15_original_640x360_q0.rhea",
  "aesthetic_score": 99.937847,
  "technical_score": 7.777504,
  "overall_score": 79.686343
}