{
  "name": "sparks15_av1_1280x720_q48.dove",
  "aesthetic_score": 99.904394,
  "technical_score": 9.258672,
  "overall_score": 78.838
}