{
  "name": "sparks15_original_1280x720_q0.seedvr2",
  "aesthetic_score": 99.933877,
  "technical_score": 7.993819,
  "overall_score": 79.589666
}