{
  "name": "sparks15_av1_1280x720_q48.lanczos",
  "aesthetic_score": 99.835101,
  "technical_score": 5.975489,
  "overall_score": 69.286781
}