{
  "name": "sparks15_av1_1280x720_q48.scst",
  "aesthetic_score": 99.8957,
  "technical_score": 6.802983,
  "overall_score": 74.589149
}