{
  "name": "sparks15_original_1280x720_q0.scst",
  "aesthetic_score": 99.945712,
  "technical_score": 9.426792,
  "overall_score": 82.461773
}