{
  "name": "sparks15_dcvcrt_1280x720_q42.seedvr2",
  "aesthetic_score": 99.939882,
  "technical_score": 7.830845,
  "overall_score": 79.968156
}