{
  "name": "sparks15_original_640x360_q0.scst",
  "aesthetic_score": 99.946942,
  "technical_score": 8.288307,
  "overall_score": 81.316302
}