{
  "name": "sparks15_av1_1280x720_q48.rhea",
  "aesthetic_score": 99.925324,
  "technical_score": 7.583234,
  "overall_score": 78.219665
}