{
  "name": "sparks15_dcvcrt_1280x720_q42.rhea",
  "aesthetic_score": 99.932705,
  "technical_score": 8.495201,
  "overall_score": 80.130326
}