{
  "name": "sparks15_original_640x360_q0.dove",
  "aesthetic_score": 99.947273,
  "technical_score": 9.470591,
  "overall_score": 82.670433
}