{
  "name": "sparks15_av1_640x360_q54.scst",
  "aesthetic_score": 99.196657,
  "technical_score": 3.316594,
  "overall_score": 45.456759
}