{
  "name": "sparks15_av1_1280x720_q48.seedvr2",
  "aesthetic_score": 99.904961,
  "technical_score": 6.367538,
  "overall_score": 74.457043
}