{
  "name": "sparks15_dcvcrt_640x360_q34.dove",
  "aesthetic_score": 99.786147,
  "technical_score": 4.555554,
  "overall_score": 63.119056
}