{
  "name": "sparks15_dcvcrt_1280x720_q42.dove",
  "aesthetic_score": 99.943131,
  "technical_score": 11.183041,
  "overall_score": 83.836047
}