{
  "name": "sparks15_original_640x360_q0.seedvr2",
  "aesthetic_score": 99.928555,
  "technical_score": 6.558868,
  "overall_score": 76.860433
}