{
  "name": "sparks15_dcvcrt_640x360_q34.seedvr2",
  "aesthetic_score": 99.610841,
  "technical_score": 3.993377,
  "overall_score": 55.463326
}