{
  "name": "vegetables_dcvcrt_1280x720_q42.rhea",
  "aesthetic_score": 99.950563,
  "technical_score": 7.171316,
  "overall_score": 80.258025
}