{
  "name": "vegetables_av1_1280x720_q48.seedvr2",
  "aesthetic_score": 99.913568,
  "technical_score": 8.127499,
  "overall_score": 78.030091
}