{
  "name": "vegetables_av1_640x360_q54.seedvr2",
  "aesthetic_score": 99.877773,
  "technical_score": 5.281678,
  "overall_score": 70.068679
}