{
  "name": "vegetables_dcvcrt_1280x720_q42.dove",
  "aesthetic_score": 99.947054,
  "technical_score": 6.575879,
  "overall_score": 78.900772
}