{
  "name": "vegetables_av1_1280x720_q48.dove",
  "aesthetic_score": 99.921482,
  "technical_score": 8.716283,
  "overall_score": 79.437163
}