{
  "name": "vegetables_av1_640x360_q54.rhea",
  "aesthetic_score": 99.932687,
  "technical_score": 6.336961,
  "overall_score": 76.874122
}