{
  "name": "vegetables_av1_640x360_q54.dove",
  "aesthetic_score": 99.891519,
  "technical_score": 8.86051,
  "overall_score": 77.493857
}