{
  "name": "vegetables_dcvcrt_1280x720_q42.scst",
  "aesthetic_score": 99.957809,
  "technical_score": 7.328033,
  "overall_score": 81.434612
}