{
  "name": "vegetables_av1_1280x720_q48.scst",
  "aesthetic_score": 99.952079,
  "technical_score": 6.595686,
  "overall_score": 79.572654
}