{
  "name": "vegetables_av1_640x360_q54.scst",
  "aesthetic_score": 99.941535,
  "technical_score": 5.812704,
  "overall_score": 76.853151
}