{
  "name": "vegetables_av1_1280x720_q48.lanczos",
  "aesthetic_score": 99.894729,
  "technical_score": 3.994024,
  "overall_score": 67.480611
}