{
  "name": "vegetables_av1_1280x720_q48.rhea",
  "aesthetic_score": 99.940204,
  "technical_score": 9.399246,
  "overall_score": 81.881066
}