{
  "name": "vegetables_av1_640x360_q54.lanczos",
  "aesthetic_score": 99.848001,
  "technical_score": 3.020115,
  "overall_score": 60.107296
}