{
  "name": "water_dcvcrt_1280x720_q42.rhea",
  "aesthetic_score": 99.805833,
  "technical_score": 6.706658,
  "overall_score": 69.530017
}