{
  "name": "water_av1_1280x720_q48.rhea",
  "aesthetic_score": 99.81941,
  "technical_score": 8.018027,
  "overall_score": 72.531172
}