{
  "name": "water_dcvcrt_1280x720_q42.seedvr2",
  "aesthetic_score": 99.818633,
  "technical_score": 5.181008,
  "overall_score": 66.46733
}