{
  "name": "water_av1_1280x720_q48.seedvr2",
  "aesthetic_score": 99.733854,
  "technical_score": 5.072403,
  "overall_score": 62.733684
}