{
  "name": "water_original_1280x720_q0.seedvr2",
  "aesthetic_score": 99.307033,
  "technical_score": 7.954449,
  "overall_score": 60.820275
}