{
  "name": "water_dcvcrt_1280x720_q42.dove",
  "aesthetic_score": 99.805624,
  "technical_score": 7.709264,
  "overall_score": 71.427433
}