{
  "name": "water_av1_1280x720_q48.starlightmini",
  "aesthetic_score": 99.563973,
  "technical_score": 5.016306,
  "overall_score": 57.948653
}