{
  "name": "water_av1_640x360_q54.starlightmini",
  "aesthetic_score": 98.559126,
  "technical_score": 3.685024,
  "overall_score": 41.441866
}