{
  "name": "water_dcvcrt_1280x720_q42.scst",
  "aesthetic_score": 99.802053,
  "technical_score": 5.126726,
  "overall_score": 65.549149
}