{
  "name": "water_av1_1280x720_q48.lanczos",
  "aesthetic_score": 99.663027,
  "technical_score": 2.030266,
  "overall_score": 46.267876
}