{
  "name": "water_av1_640x360_q54.seedvr2",
  "aesthetic_score": 98.830824,
  "technical_score": 5.598279,
  "overall_score": 50.106427
}