{
  "name": "water_dcvcrt_640x360_q34.seedvr2",
  "aesthetic_score": 99.180359,
  "technical_score": 3.999183,
  "overall_score": 48.211794
}