{
  "name": "water_av1_640x360_q54.rhea",
  "aesthetic_score": 99.649376,
  "technical_score": 4.84287,
  "overall_score": 59.467783
}