{
  "name": "water_original_1280x720_q0.dove",
  "aesthetic_score": 99.714117,
  "technical_score": 9.158632,
  "overall_score": 70.690349
}