{
  "name": "water_dcvcrt_640x360_q34.scst",
  "aesthetic_score": 99.535663,
  "technical_score": 5.062169,
  "overall_score": 57.490631
}