{
  "name": "water_av1_1280x720_q48.scst",
  "aesthetic_score": 99.705089,
  "technical_score": 6.968141,
  "overall_score": 66.526548
}