{
  "name": "water_dcvcrt_640x360_q34.dove",
  "aesthetic_score": 99.579766,
  "technical_score": 4.649485,
  "overall_score": 57.111367
}