{
  "name": "water_original_1280x720_q0.scst",
  "aesthetic_score": 99.694614,
  "technical_score": 9.055498,
  "overall_score": 69.993744
}