{
  "name": "water_dcvcrt_1280x720_q42.lanczos",
  "aesthetic_score": 99.737209,
  "technical_score": 4.042927,
  "overall_score": 59.40453
}