{
  "name": "water_original_3840x2160_q0.source",
  "aesthetic_score": 99.363074,
  "technical_score": 7.295451,
  "overall_score": 60.245288
}