{
  "name": "water_dcvcrt_640x360_q34.lanczos",
  "aesthetic_score": 98.764382,
  "technical_score": 2.233931,
  "overall_score": 35.441545
}