{
  "name": "water_dcvcrt_640x360_q34.rhea",
  "aesthetic_score": 99.554648,
  "technical_score": 5.617172,
  "overall_score": 59.515479
}