{
  "name": "water_av1_640x360_q54.dove",
  "aesthetic_score": 99.236739,
  "technical_score": 5.912717,
  "overall_score": 55.166322
}