{
  "name": "water_av1_1280x720_q48.dove",
  "aesthetic_score": 99.668435,
  "technical_score": 7.572135,
  "overall_score": 66.725154
}