{
  "name": "water_av1_640x360_q54.scst",
  "aesthetic_score": 99.24402,
  "technical_score": 6.564868,
  "overall_score": 56.936622
}