{
  "compression": 4.2026544,
  "content": 4.258193,
  "distortion": 3.955843,
  "compression_content": 4.4483433,
  "compression_distortion": 3.8040187,
  "content_distortion": 4.159053,
  "compression_content_distortion": 3.8965976,
  "uvq": 3.8965976,
  "filename": "bigbuckbunny_original_640x360_q0.lanczos.mkv",
  "timestamp": "2025-09-06 14:36:29"
}