{
  "compression": 4.4874296,
  "content": 4.4168954,
  "distortion": 4.946318,
  "compression_content": 4.787893,
  "compression_distortion": 4.879876,
  "content_distortion": 4.878036,
  "compression_content_distortion": 4.858365,
  "uvq": 4.858365,
  "filename": "bigbuckbunny_dcvcrt_1280x720_q42.scst.mkv",
  "timestamp": "2025-09-06 15:11:41"
}