{
  "compression": 4.4179993,
  "content": 4.2865057,
  "distortion": 4.9589763,
  "compression_content": 4.73689,
  "compression_distortion": 4.66928,
  "content_distortion": 4.8935876,
  "compression_content_distortion": 4.697054,
  "uvq": 4.697054,
  "filename": "bigbuckbunny_dcvcrt_640x360_q34.seedvr2.mkv",
  "timestamp": "2025-09-06 14:59:18"
}