{
  "compression": 4.2995963,
  "content": 4.297464,
  "distortion": 4.5758142,
  "compression_content": 4.6096487,
  "compression_distortion": 4.5178823,
  "content_distortion": 4.875003,
  "compression_content_distortion": 4.700396,
  "uvq": 4.700396,
  "filename": "bigbuckbunny_original_1280x720_q0.starlightmini.mkv",
  "timestamp": "2025-09-06 14:24:03"
}