{
  "compression": 4.3795066,
  "content": 4.393623,
  "distortion": 4.834588,
  "compression_content": 4.700509,
  "compression_distortion": 4.702796,
  "content_distortion": 4.8857164,
  "compression_content_distortion": 4.7935433,
  "uvq": 4.7935433,
  "filename": "bigbuckbunny_original_1280x720_q0.scst.mkv",
  "timestamp": "2025-09-06 13:53:25"
}