{
  "compression": 4.4245653,
  "content": 4.4141054,
  "distortion": 4.764918,
  "compression_content": 4.709415,
  "compression_distortion": 4.74373,
  "content_distortion": 4.7371187,
  "compression_content_distortion": 4.7302256,
  "uvq": 4.7302256,
  "filename": "bigbuckbunny_original_640x360_q0.scst.mkv",
  "timestamp": "2025-09-06 13:48:38"
}