{
  "compression": 4.412812,
  "content": 4.404517,
  "distortion": 4.824956,
  "compression_content": 4.6058745,
  "compression_distortion": 4.761191,
  "content_distortion": 4.5762954,
  "compression_content_distortion": 4.560289,
  "uvq": 4.560289,
  "filename": "bigbuckbunny_dcvcrt_640x360_q34.scst.mkv",
  "timestamp": "2025-09-06 15:07:52"
}