{
  "compression": 4.423374,
  "content": 4.2510896,
  "distortion": 4.8055735,
  "compression_content": 4.662256,
  "compression_distortion": 4.727679,
  "content_distortion": 4.9871078,
  "compression_content_distortion": 4.8343353,
  "uvq": 4.8343353,
  "filename": "bigbuckbunny_original_1280x720_q0.dove.mkv",
  "timestamp": "2025-09-06 15:19:40"
}