{
  "compression": 4.4295807,
  "content": 4.2563286,
  "distortion": 4.4608865,
  "compression_content": 4.664202,
  "compression_distortion": 4.3847456,
  "content_distortion": 4.600847,
  "compression_content_distortion": 4.499757,
  "uvq": 4.499757,
  "filename": "bigbuckbunny_dcvcrt_1280x720_q42.lanczos.mkv",
  "timestamp": "2025-09-06 15:50:15"
}