{
  "compression": 4.463439,
  "content": 4.338395,
  "distortion": 4.846499,
  "compression_content": 4.753872,
  "compression_distortion": 4.619968,
  "content_distortion": 4.9984674,
  "compression_content_distortion": 4.844443,
  "uvq": 4.844443,
  "filename": "bigbuckbunny_dcvcrt_1280x720_q42.rhea.mkv",
  "timestamp": "2025-09-06 13:29:29"
}