{
  "compression": 4.498366,
  "content": 4.350043,
  "distortion": 4.6464043,
  "compression_content": 4.780603,
  "compression_distortion": 4.522723,
  "content_distortion": 4.8829813,
  "compression_content_distortion": 4.7349043,
  "uvq": 4.7349043,
  "filename": "bigbuckbunny_dcvcrt_1280x720_q42.starlightmini.mkv",
  "timestamp": "2025-09-06 14:31:14"
}