{
  "compression": 4.4168296,
  "content": 4.304158,
  "distortion": 4.7639017,
  "compression_content": 4.729272,
  "compression_distortion": 4.50883,
  "content_distortion": 5.0773325,
  "compression_content_distortion": 4.768697,
  "uvq": 4.768697,
  "filename": "bigbuckbunny_av1_1280x720_q48.seedvr2.mkv",
  "timestamp": "2025-09-06 14:47:57"
}