{
  "compression": 4.540902,
  "content": 4.283235,
  "distortion": 4.8534074,
  "compression_content": 4.78919,
  "compression_distortion": 4.7129965,
  "content_distortion": 4.9871087,
  "compression_content_distortion": 4.8733344,
  "uvq": 4.8733344,
  "filename": "bigbuckbunny_original_640x360_q0.seedvr2.mkv",
  "timestamp": "2025-09-06 13:35:31"
}