{
  "compression": 4.451915,
  "content": 4.3865557,
  "distortion": 4.9891534,
  "compression_content": 4.7279825,
  "compression_distortion": 4.7869673,
  "content_distortion": 4.8856564,
  "compression_content_distortion": 4.697985,
  "uvq": 4.697985,
  "filename": "bigbuckbunny_dcvcrt_640x360_q34.rhea.mkv",
  "timestamp": "2025-09-06 13:32:01"
}