{
  "compression": 4.2215004,
  "content": 4.3111525,
  "distortion": 4.8112555,
  "compression_content": 4.5047636,
  "compression_distortion": 4.5169497,
  "content_distortion": 4.8553653,
  "compression_content_distortion": 4.483802,
  "uvq": 4.483802,
  "filename": "bigbuckbunny_av1_640x360_q54.rhea.mkv",
  "timestamp": "2025-09-06 13:49:18"
}