{
  "compression": 4.524581,
  "content": 4.3673205,
  "distortion": 5.002796,
  "compression_content": 4.7704268,
  "compression_distortion": 4.7650614,
  "content_distortion": 4.9618645,
  "compression_content_distortion": 4.7622104,
  "uvq": 4.7622104,
  "filename": "bigbuckbunny_dcvcrt_640x360_q34.starlightmini.mkv",
  "timestamp": "2025-09-06 14:29:08"
}