{
  "compression": 4.351369,
  "content": 4.271451,
  "distortion": 4.5704145,
  "compression_content": 4.610546,
  "compression_distortion": 4.552424,
  "content_distortion": 4.8482857,
  "compression_content_distortion": 4.6935873,
  "uvq": 4.6935873,
  "filename": "bigbuckbunny_original_3840x2160_q0.source.mkv",
  "timestamp": "2025-09-06 14:16:12"
}