{
  "compression": 4.368261,
  "content": 4.4149075,
  "distortion": 4.7917295,
  "compression_content": 4.5927987,
  "compression_distortion": 4.67224,
  "content_distortion": 4.770228,
  "compression_content_distortion": 4.7003937,
  "uvq": 4.7003937,
  "filename": "bigbuckbunny_av1_1280x720_q48.scst.mkv",
  "timestamp": "2025-09-06 14:58:34"
}