{
  "compression": 4.280628,
  "content": 4.372024,
  "distortion": 4.6980243,
  "compression_content": 4.502719,
  "compression_distortion": 4.5977173,
  "content_distortion": 4.4821343,
  "compression_content_distortion": 4.4720144,
  "uvq": 4.4720144,
  "filename": "bigbuckbunny_av1_640x360_q54.scst.mkv",
  "timestamp": "2025-09-06 14:47:13"
}