{
  "compression": 4.342261,
  "content": 4.284072,
  "distortion": 4.622949,
  "compression_content": 4.602947,
  "compression_distortion": 4.408026,
  "content_distortion": 4.8348246,
  "compression_content_distortion": 4.6050363,
  "uvq": 4.6050363,
  "filename": "bigbuckbunny_av1_1280x720_q48.dove.mkv",
  "timestamp": "2025-09-06 14:03:00"
}