{
  "compression": 4.3219147,
  "content": 4.2928762,
  "distortion": 4.5928497,
  "compression_content": 4.630643,
  "compression_distortion": 4.385159,
  "content_distortion": 4.860976,
  "compression_content_distortion": 4.612647,
  "uvq": 4.612647,
  "filename": "bigbuckbunny_av1_1280x720_q48.starlightmini.mkv",
  "timestamp": "2025-09-06 15:46:25"
}