{
  "compression": 4.427766,
  "content": 4.3588343,
  "distortion": 4.9280014,
  "compression_content": 4.7154837,
  "compression_distortion": 4.537537,
  "content_distortion": 4.93705,
  "compression_content_distortion": 4.59767,
  "uvq": 4.59767,
  "filename": "bigbuckbunny_original_640x360_q0.rhea.mkv",
  "timestamp": "2025-09-06 15:14:18"
}