{
  "compression": 4.5803924,
  "content": 4.319276,
  "distortion": 4.8142066,
  "compression_content": 4.8580656,
  "compression_distortion": 4.54625,
  "content_distortion": 5.006911,
  "compression_content_distortion": 4.810214,
  "uvq": 4.810214,
  "filename": "bigbuckbunny_dcvcrt_1280x720_q42.seedvr2.mkv",
  "timestamp": "2025-09-06 14:40:07"
}