{
  "compression": 4.0335755,
  "content": 4.2173796,
  "distortion": 4.0186872,
  "compression_content": 4.35524,
  "compression_distortion": 3.8072884,
  "content_distortion": 4.1199236,
  "compression_content_distortion": 3.946619,
  "uvq": 3.946619,
  "filename": "bigbuckbunny_dcvcrt_640x360_q34.lanczos.mkv",
  "timestamp": "2025-09-06 15:31:24"
}