{
  "compression": 4.3004236,
  "content": 4.3124514,
  "distortion": 4.71433,
  "compression_content": 4.599204,
  "compression_distortion": 4.457972,
  "content_distortion": 5.0147943,
  "compression_content_distortion": 4.743398,
  "uvq": 4.743398,
  "filename": "bigbuckbunny_av1_1280x720_q48.rhea.mkv",
  "timestamp": "2025-09-06 13:41:30"
}