{
  "compression": 4.166458,
  "content": 4.255825,
  "distortion": 4.5146017,
  "compression_content": 4.4276147,
  "compression_distortion": 4.375419,
  "content_distortion": 4.600423,
  "compression_content_distortion": 4.407691,
  "uvq": 4.407691,
  "filename": "bigbuckbunny_av1_640x360_q54.dove.mkv",
  "timestamp": "2025-09-06 13:45:48"
}