{
  "compression": 4.526449,
  "content": 4.3294463,
  "distortion": 4.9464617,
  "compression_content": 4.7652426,
  "compression_distortion": 4.6385255,
  "content_distortion": 4.9742956,
  "compression_content_distortion": 4.7908306,
  "uvq": 4.7908306,
  "filename": "bigbuckbunny_dcvcrt_1280x720_q42.dove.mkv",
  "timestamp": "2025-09-06 14:03:40"
}