{
  "compression": 4.525922,
  "content": 4.401101,
  "distortion": 4.8544517,
  "compression_content": 4.76497,
  "compression_distortion": 4.703214,
  "content_distortion": 4.9173675,
  "compression_content_distortion": 4.7830763,
  "uvq": 4.7830763,
  "filename": "bigbuckbunny_dcvcrt_640x360_q34.dove.mkv",
  "timestamp": "2025-09-06 14:05:02"
}