{
  "compression": 3.527359,
  "content": 4.0914674,
  "distortion": 3.817215,
  "compression_content": 3.7791162,
  "compression_distortion": 3.5287888,
  "content_distortion": 4.0184326,
  "compression_content_distortion": 3.6402755,
  "uvq": 3.6402755,
  "filename": "bigbuckbunny_av1_640x360_q54.lanczos.mkv",
  "timestamp": "2025-09-06 13:55:27"
}