{
  "compression": 4.3281527,
  "content": 4.303443,
  "distortion": 4.802801,
  "compression_content": 4.5775633,
  "compression_distortion": 4.540101,
  "content_distortion": 4.8284674,
  "compression_content_distortion": 4.5558977,
  "uvq": 4.5558977,
  "filename": "bigbuckbunny_av1_640x360_q54.starlightmini.mkv",
  "timestamp": "2025-09-06 13:54:54"
}