{
  "compression": 4.4915986,
  "content": 4.3042336,
  "distortion": 4.828091,
  "compression_content": 4.7107034,
  "compression_distortion": 4.742444,
  "content_distortion": 4.796221,
  "compression_content_distortion": 4.71525,
  "uvq": 4.71525,
  "filename": "bigbuckbunny_original_640x360_q0.dove.mkv",
  "timestamp": "2025-09-06 14:45:16"
}