{
  "compression": 4.0954256,
  "content": 4.22136,
  "distortion": 4.446754,
  "compression_content": 4.402359,
  "compression_distortion": 4.231612,
  "content_distortion": 4.6528063,
  "compression_content_distortion": 4.382595,
  "uvq": 4.382595,
  "filename": "bigbuckbunny_av1_1280x720_q48.lanczos.mkv",
  "timestamp": "2025-09-06 15:52:12"
}