{
  "compression": 4.355836,
  "content": 4.271764,
  "distortion": 4.622844,
  "compression_content": 4.614947,
  "compression_distortion": 4.572119,
  "content_distortion": 4.789233,
  "compression_content_distortion": 4.665443,
  "uvq": 4.665443,
  "filename": "bigbuckbunny_original_1280x720_q0.lanczos.mkv",
  "timestamp": "2025-09-06 15:16:12"
}