{
  "compression": 4.3305745,
  "content": 4.3022375,
  "distortion": 4.779447,
  "compression_content": 4.62566,
  "compression_distortion": 4.6878543,
  "content_distortion": 5.0102324,
  "compression_content_distortion": 4.848301,
  "uvq": 4.848301,
  "filename": "bigbuckbunny_original_1280x720_q0.rhea.mkv",
  "timestamp": "2025-09-06 14:42:39"
}