{
  "compression": 4.2082205,
  "content": 4.228121,
  "distortion": 4.653031,
  "compression_content": 4.510521,
  "compression_distortion": 4.3525696,
  "content_distortion": 4.8006463,
  "compression_content_distortion": 4.4871073,
  "uvq": 4.4871073,
  "filename": "bigbuckbunny_av1_640x360_q54.seedvr2.mkv",
  "timestamp": "2025-09-06 14:18:24"
}