{
  "compression": 4.4124846,
  "content": 4.2721777,
  "distortion": 4.919097,
  "compression_content": 4.7203074,
  "compression_distortion": 4.774983,
  "content_distortion": 5.08459,
  "compression_content_distortion": 4.912781,
  "uvq": 4.912781,
  "filename": "bigbuckbunny_original_1280x720_q0.seedvr2.mkv",
  "timestamp": "2025-09-06 15:22:20"
}