{
  "compression": 4.3952637,
  "content": 4.360966,
  "distortion": 4.6438203,
  "compression_content": 4.677017,
  "compression_distortion": 4.448446,
  "content_distortion": 4.771308,
  "compression_content_distortion": 4.5725822,
  "uvq": 4.5725822,
  "filename": "bigbuckbunny_original_640x360_q0.starlightmini.mkv",
  "timestamp": "2025-09-06 14:40:48"
}