{
  "compression": 3.469318,
  "content": 3.505143,
  "distortion": 4.4763455,
  "compression_content": 3.6130252,
  "compression_distortion": 3.9371707,
  "content_distortion": 3.8799462,
  "compression_content_distortion": 3.7110054,
  "uvq": 3.7110054,
  "filename": "daydreamer_original_1280x720_q0.seedvr2.mkv",
  "timestamp": "2025-09-06 13:30:08"
}