{
  "compression": 3.429332,
  "content": 3.4574044,
  "distortion": 3.792584,
  "compression_content": 3.577067,
  "compression_distortion": 3.54532,
  "content_distortion": 3.7525628,
  "compression_content_distortion": 3.6281478,
  "uvq": 3.6281478,
  "filename": "daydreamer_original_1280x720_q0.starlightmini.mkv",
  "timestamp": "2025-09-06 13:56:03"
}