{
  "compression": 3.638813,
  "content": 3.4874969,
  "distortion": 3.9483306,
  "compression_content": 3.7177367,
  "compression_distortion": 3.761457,
  "content_distortion": 3.7699242,
  "compression_content_distortion": 3.7678165,
  "uvq": 3.7678165,
  "filename": "daydreamer_original_640x360_q0.dove.mkv",
  "timestamp": "2025-09-06 14:21:28"
}