{
  "compression": 3.5828526,
  "content": 3.818151,
  "distortion": 4.129937,
  "compression_content": 3.7480044,
  "compression_distortion": 4.0377035,
  "content_distortion": 3.9584308,
  "compression_content_distortion": 3.9412198,
  "uvq": 3.9412198,
  "filename": "daydreamer_av1_1280x720_q48.scst.mkv",
  "timestamp": "2025-09-06 15:03:07"
}