{
  "compression": 3.5625298,
  "content": 3.548682,
  "distortion": 4.046528,
  "compression_content": 3.6915221,
  "compression_distortion": 3.7887988,
  "content_distortion": 3.8548012,
  "compression_content_distortion": 3.6986313,
  "uvq": 3.6986313,
  "filename": "daydreamer_original_640x360_q0.rhea.mkv",
  "timestamp": "2025-09-06 14:19:01"
}