{
  "compression": 3.4895763,
  "content": 3.4252083,
  "distortion": 3.5334926,
  "compression_content": 3.5201905,
  "compression_distortion": 3.331487,
  "content_distortion": 3.483313,
  "compression_content_distortion": 3.4382195,
  "uvq": 3.4382195,
  "filename": "daydreamer_dcvcrt_1280x720_q42.lanczos.mkv",
  "timestamp": "2025-09-06 14:54:17"
}