{
  "compression": 3.7536392,
  "content": 3.6280026,
  "distortion": 3.7369282,
  "compression_content": 3.931911,
  "compression_distortion": 3.7698128,
  "content_distortion": 3.7968605,
  "compression_content_distortion": 3.7791142,
  "uvq": 3.7791142,
  "filename": "daydreamer_dcvcrt_640x360_q34.starlightmini.mkv",
  "timestamp": "2025-09-06 15:16:45"
}