{
  "compression": 3.9433532,
  "content": 3.6726165,
  "distortion": 4.1647973,
  "compression_content": 3.9940104,
  "compression_distortion": 4.0323343,
  "content_distortion": 4.0291967,
  "compression_content_distortion": 4.041404,
  "uvq": 4.041404,
  "filename": "daydreamer_dcvcrt_640x360_q34.dove.mkv",
  "timestamp": "2025-09-06 14:15:34"
}