{
  "compression": 3.9742928,
  "content": 4.010833,
  "distortion": 4.1071644,
  "compression_content": 4.1015577,
  "compression_distortion": 4.2043757,
  "content_distortion": 3.8836503,
  "compression_content_distortion": 4.062089,
  "uvq": 4.062089,
  "filename": "daydreamer_dcvcrt_640x360_q34.scst.mkv",
  "timestamp": "2025-09-06 15:23:37"
}