{
  "compression": 3.5412514,
  "content": 3.699498,
  "distortion": 3.8952355,
  "compression_content": 3.6976075,
  "compression_distortion": 3.7239616,
  "content_distortion": 3.7659736,
  "compression_content_distortion": 3.7520604,
  "uvq": 3.7520604,
  "filename": "daydreamer_original_640x360_q0.scst.mkv",
  "timestamp": "2025-09-06 15:49:02"
}