{
  "compression": 3.6443725,
  "content": 3.8548255,
  "distortion": 3.953565,
  "compression_content": 3.7951477,
  "compression_distortion": 3.8274243,
  "content_distortion": 3.9096603,
  "compression_content_distortion": 3.8865132,
  "uvq": 3.8865132,
  "filename": "daydreamer_av1_640x360_q54.scst.mkv",
  "timestamp": "2025-09-06 14:31:51"
}