{
  "compression": 3.2703667,
  "content": 3.4812646,
  "distortion": 3.2572246,
  "compression_content": 3.329946,
  "compression_distortion": 3.186634,
  "content_distortion": 3.3426785,
  "compression_content_distortion": 3.1700215,
  "uvq": 3.1700215,
  "filename": "daydreamer_original_640x360_q0.lanczos.mkv",
  "timestamp": "2025-09-06 13:42:48"
}