{
  "compression": 3.3705742,
  "content": 3.5548034,
  "distortion": 3.879753,
  "compression_content": 3.5844855,
  "compression_distortion": 3.5291526,
  "content_distortion": 3.9518685,
  "compression_content_distortion": 3.7882628,
  "uvq": 3.7882628,
  "filename": "daydreamer_av1_640x360_q54.dove.mkv",
  "timestamp": "2025-09-06 15:39:47"
}