{
  "compression": 3.544944,
  "content": 3.6163259,
  "distortion": 4.171642,
  "compression_content": 3.7619119,
  "compression_distortion": 3.899508,
  "content_distortion": 4.0621457,
  "compression_content_distortion": 3.8878338,
  "uvq": 3.8878338,
  "filename": "daydreamer_av1_1280x720_q48.rhea.mkv",
  "timestamp": "2025-09-06 13:36:06"
}