{
  "compression": 3.5660071,
  "content": 3.704141,
  "distortion": 4.077563,
  "compression_content": 3.7254624,
  "compression_distortion": 3.8505898,
  "content_distortion": 3.8642058,
  "compression_content_distortion": 3.8551507,
  "uvq": 3.8551507,
  "filename": "daydreamer_original_1280x720_q0.scst.mkv",
  "timestamp": "2025-09-06 13:32:40"
}