{
  "compression": 3.4892535,
  "content": 3.4995606,
  "distortion": 4.1636286,
  "compression_content": 3.6709094,
  "compression_distortion": 3.73652,
  "content_distortion": 3.7290413,
  "compression_content_distortion": 3.5868373,
  "uvq": 3.5868373,
  "filename": "daydreamer_original_640x360_q0.seedvr2.mkv",
  "timestamp": "2025-09-06 14:22:07"
}