{
  "compression": 3.4246452,
  "content": 3.456176,
  "distortion": 4.0351605,
  "compression_content": 3.5172641,
  "compression_distortion": 3.7262173,
  "content_distortion": 3.941218,
  "compression_content_distortion": 3.7565491,
  "uvq": 3.7565491,
  "filename": "daydreamer_av1_1280x720_q48.dove.mkv",
  "timestamp": "2025-09-06 13:59:33"
}