{
  "compression": 3.5006728,
  "content": 3.4266753,
  "distortion": 4.267793,
  "compression_content": 3.5728207,
  "compression_distortion": 3.6705475,
  "content_distortion": 3.9610455,
  "compression_content_distortion": 3.64815,
  "uvq": 3.64815,
  "filename": "daydreamer_av1_1280x720_q48.seedvr2.mkv",
  "timestamp": "2025-09-06 14:23:22"
}