{
  "compression": 3.5099976,
  "content": 3.7554634,
  "distortion": 3.9520307,
  "compression_content": 3.7900634,
  "compression_distortion": 3.76484,
  "content_distortion": 3.8424554,
  "compression_content_distortion": 3.7624888,
  "uvq": 3.7624888,
  "filename": "daydreamer_av1_640x360_q54.rhea.mkv",
  "timestamp": "2025-09-06 15:33:35"
}