{
  "compression": 3.4350007,
  "content": 3.5268257,
  "distortion": 4.0967135,
  "compression_content": 3.5391865,
  "compression_distortion": 3.5655491,
  "content_distortion": 3.7350688,
  "compression_content_distortion": 3.5141912,
  "uvq": 3.5141912,
  "filename": "daydreamer_av1_640x360_q54.seedvr2.mkv",
  "timestamp": "2025-09-06 14:00:10"
}