{
  "compression": 3.4392757,
  "content": 3.5241504,
  "distortion": 3.5669353,
  "compression_content": 3.647143,
  "compression_distortion": 3.3985412,
  "content_distortion": 3.6919293,
  "compression_content_distortion": 3.6134465,
  "uvq": 3.6134465,
  "filename": "daydreamer_av1_640x360_q54.starlightmini.mkv",
  "timestamp": "2025-09-06 15:09:03"
}