{
  "compression": 3.9100194,
  "content": 3.7327492,
  "distortion": 3.9956136,
  "compression_content": 4.0305986,
  "compression_distortion": 3.8792915,
  "content_distortion": 3.8209965,
  "compression_content_distortion": 3.8230636,
  "uvq": 3.8230636,
  "filename": "daydreamer_dcvcrt_640x360_q34.rhea.mkv",
  "timestamp": "2025-09-06 14:25:44"
}