{
  "compression": 3.423595,
  "content": 3.5124316,
  "distortion": 3.9237561,
  "compression_content": 3.6189752,
  "compression_distortion": 3.6457334,
  "content_distortion": 3.7780502,
  "compression_content_distortion": 3.5859764,
  "uvq": 3.5859764,
  "filename": "daydreamer_original_1280x720_q0.rhea.mkv",
  "timestamp": "2025-09-06 15:08:30"
}