{
  "compression": 3.6139035,
  "content": 3.482221,
  "distortion": 4.0874825,
  "compression_content": 3.6942172,
  "compression_distortion": 3.7789009,
  "content_distortion": 3.760116,
  "compression_content_distortion": 3.7073388,
  "uvq": 3.7073388,
  "filename": "daydreamer_original_1280x720_q0.dove.mkv",
  "timestamp": "2025-09-06 14:51:22"
}