{
  "compression": 3.442997,
  "content": 3.5015705,
  "distortion": 3.5976138,
  "compression_content": 3.632256,
  "compression_distortion": 3.4650607,
  "content_distortion": 3.6564078,
  "compression_content_distortion": 3.5793712,
  "uvq": 3.5793712,
  "filename": "daydreamer_original_640x360_q0.starlightmini.mkv",
  "timestamp": "2025-09-06 13:45:08"
}