{
  "compression": 3.2911878,
  "content": 3.5451884,
  "distortion": 3.8678975,
  "compression_content": 3.4323745,
  "compression_distortion": 3.5631936,
  "content_distortion": 3.5859694,
  "compression_content_distortion": 3.4536843,
  "uvq": 3.4536843,
  "filename": "daydreamer_original_1280x720_q0.lanczos.mkv",
  "timestamp": "2025-09-06 14:32:30"
}