{
  "compression": 3.715477,
  "content": 3.557677,
  "distortion": 4.149967,
  "compression_content": 3.7770245,
  "compression_distortion": 3.9564507,
  "content_distortion": 4.085684,
  "compression_content_distortion": 3.9244761,
  "uvq": 3.9244761,
  "filename": "daydreamer_dcvcrt_1280x720_q42.dove.mkv",
  "timestamp": "2025-09-06 15:29:22"
}