{
  "compression": 3.698698,
  "content": 3.5312378,
  "distortion": 4.504007,
  "compression_content": 3.7484844,
  "compression_distortion": 4.0340357,
  "content_distortion": 3.9632401,
  "compression_content_distortion": 3.7370124,
  "uvq": 3.7370124,
  "filename": "daydreamer_dcvcrt_1280x720_q42.seedvr2.mkv",
  "timestamp": "2025-09-06 15:45:45"
}