{
  "compression": 3.2644153,
  "content": 3.475243,
  "distortion": 3.2306008,
  "compression_content": 3.4495559,
  "compression_distortion": 3.0880616,
  "content_distortion": 3.1564128,
  "compression_content_distortion": 3.0978236,
  "uvq": 3.0978236,
  "filename": "daydreamer_dcvcrt_640x360_q34.lanczos.mkv",
  "timestamp": "2025-09-06 15:32:24"
}