{
  "compression": 3.498526,
  "content": 3.450869,
  "distortion": 3.8541274,
  "compression_content": 3.6397407,
  "compression_distortion": 3.6847541,
  "content_distortion": 3.8760924,
  "compression_content_distortion": 3.7966285,
  "uvq": 3.7966285,
  "filename": "daydreamer_av1_1280x720_q48.starlightmini.mkv",
  "timestamp": "2025-09-06 14:24:36"
}