{
  "compression": 3.6143074,
  "content": 3.539558,
  "distortion": 3.891306,
  "compression_content": 3.7170932,
  "compression_distortion": 3.7726738,
  "content_distortion": 3.9504821,
  "compression_content_distortion": 3.8316998,
  "uvq": 3.8316998,
  "filename": "daydreamer_dcvcrt_1280x720_q42.starlightmini.mkv",
  "timestamp": "2025-09-06 15:38:36"
}