{
  "compression": 3.040853,
  "content": 3.3546891,
  "distortion": 2.991628,
  "compression_content": 3.2460084,
  "compression_distortion": 2.7800107,
  "content_distortion": 3.1224232,
  "compression_content_distortion": 2.9953678,
  "uvq": 2.9953678,
  "filename": "daydreamer_av1_640x360_q54.lanczos.mkv",
  "timestamp": "2025-09-06 14:09:26"
}