{
  "compression": 3.281157,
  "content": 3.549343,
  "distortion": 4.248909,
  "compression_content": 3.4331665,
  "compression_distortion": 3.8132596,
  "content_distortion": 3.6749902,
  "compression_content_distortion": 3.4713387,
  "uvq": 3.4713387,
  "filename": "daydreamer_original_3840x2160_q0.source.mkv",
  "timestamp": "2025-09-06 14:50:02"
}