{
  "compression": 3.8977437,
  "content": 3.6322238,
  "distortion": 4.361243,
  "compression_content": 3.948237,
  "compression_distortion": 4.001109,
  "content_distortion": 3.8086376,
  "compression_content_distortion": 3.7375283,
  "uvq": 3.7375283,
  "filename": "daydreamer_dcvcrt_640x360_q34.seedvr2.mkv",
  "timestamp": "2025-09-06 15:10:53"
}