{
  "compression": 3.668961,
  "content": 3.8023744,
  "distortion": 4.348708,
  "compression_content": 3.9054017,
  "compression_distortion": 4.2147355,
  "content_distortion": 4.0924606,
  "compression_content_distortion": 4.009725,
  "uvq": 4.009725,
  "filename": "daydreamer_dcvcrt_1280x720_q42.scst.mkv",
  "timestamp": "2025-09-06 14:10:45"
}