{
  "compression": 3.7368836,
  "content": 3.6187406,
  "distortion": 4.263565,
  "compression_content": 3.8383884,
  "compression_distortion": 4.079956,
  "content_distortion": 4.119471,
  "compression_content_distortion": 3.9762244,
  "uvq": 3.9762244,
  "filename": "daydreamer_dcvcrt_1280x720_q42.rhea.mkv",
  "timestamp": "2025-09-06 15:44:30"
}