{
  "compression": 3.2852273,
  "content": 3.3019753,
  "distortion": 3.4374833,
  "compression_content": 3.3430176,
  "compression_distortion": 3.1057663,
  "content_distortion": 3.421271,
  "compression_content_distortion": 3.2947285,
  "uvq": 3.2947285,
  "filename": "daydreamer_av1_1280x720_q48.lanczos.mkv",
  "timestamp": "2025-09-06 13:43:51"
}