{
  "compression": 4.2294297,
  "content": 4.055217,
  "distortion": 3.6009126,
  "compression_content": 4.3380914,
  "compression_distortion": 3.9226449,
  "content_distortion": 3.903558,
  "compression_content_distortion": 4.05506,
  "uvq": 4.05506,
  "filename": "giftmord_original_640x360_q0.starlightmini.mkv",
  "timestamp": "2025-09-06 15:52:47"
}