{
  "compression": 4.3920197,
  "content": 4.1026735,
  "distortion": 3.9717553,
  "compression_content": 4.400468,
  "compression_distortion": 4.161941,
  "content_distortion": 4.053531,
  "compression_content_distortion": 4.255321,
  "uvq": 4.255321,
  "filename": "giftmord_original_1280x720_q0.scst.mkv",
  "timestamp": "2025-09-06 14:05:42"
}