{
  "compression": 4.393103,
  "content": 4.1290493,
  "distortion": 3.6997185,
  "compression_content": 4.5331736,
  "compression_distortion": 4.0849714,
  "content_distortion": 3.9036148,
  "compression_content_distortion": 4.2121453,
  "uvq": 4.2121453,
  "filename": "giftmord_dcvcrt_1280x720_q42.starlightmini.mkv",
  "timestamp": "2025-09-06 13:36:39"
}