{
  "compression": 4.2862425,
  "content": 4.191218,
  "distortion": 3.8403487,
  "compression_content": 4.448571,
  "compression_distortion": 4.08764,
  "content_distortion": 3.9986362,
  "compression_content_distortion": 4.1806297,
  "uvq": 4.1806297,
  "filename": "giftmord_av1_640x360_q54.rhea.mkv",
  "timestamp": "2025-09-06 15:43:54"
}