{
  "compression": 4.350464,
  "content": 4.0962553,
  "distortion": 3.7286232,
  "compression_content": 4.4586954,
  "compression_distortion": 3.987184,
  "content_distortion": 3.9208767,
  "compression_content_distortion": 4.140266,
  "uvq": 4.140266,
  "filename": "giftmord_av1_1280x720_q48.starlightmini.mkv",
  "timestamp": "2025-09-06 13:43:21"
}