{
  "compression": 4.3704057,
  "content": 4.0452433,
  "distortion": 3.802075,
  "compression_content": 4.411813,
  "compression_distortion": 4.1479187,
  "content_distortion": 3.9810002,
  "compression_content_distortion": 4.2048745,
  "uvq": 4.2048745,
  "filename": "giftmord_original_640x360_q0.dove.mkv",
  "timestamp": "2025-09-06 15:33:00"
}