{
  "compression": 4.2585425,
  "content": 4.091586,
  "distortion": 3.849049,
  "compression_content": 4.349648,
  "compression_distortion": 4.0286384,
  "content_distortion": 4.043948,
  "compression_content_distortion": 4.195489,
  "uvq": 4.195489,
  "filename": "giftmord_original_1280x720_q0.rhea.mkv",
  "timestamp": "2025-09-06 14:52:40"
}