{
  "compression": 4.224671,
  "content": 4.142226,
  "distortion": 3.9428513,
  "compression_content": 4.2244477,
  "compression_distortion": 4.1096687,
  "content_distortion": 4.063408,
  "compression_content_distortion": 4.101967,
  "uvq": 4.101967,
  "filename": "giftmord_av1_640x360_q54.scst.mkv",
  "timestamp": "2025-09-06 14:12:00"
}