{
  "compression": 4.4777317,
  "content": 4.113959,
  "distortion": 3.8855538,
  "compression_content": 4.563096,
  "compression_distortion": 4.2449,
  "content_distortion": 3.992968,
  "compression_content_distortion": 4.2973824,
  "uvq": 4.2973824,
  "filename": "giftmord_dcvcrt_1280x720_q42.dove.mkv",
  "timestamp": "2025-09-06 14:25:10"
}