{
  "compression": 4.524524,
  "content": 4.002128,
  "distortion": 3.8307261,
  "compression_content": 4.571585,
  "compression_distortion": 4.2314577,
  "content_distortion": 4.0410085,
  "compression_content_distortion": 4.3988366,
  "uvq": 4.3988366,
  "filename": "giftmord_dcvcrt_640x360_q34.dove.mkv",
  "timestamp": "2025-09-06 15:13:37"
}