{
  "compression": 4.1319327,
  "content": 3.9340014,
  "distortion": 4.0733027,
  "compression_content": 4.1638975,
  "compression_distortion": 4.0329766,
  "content_distortion": 4.1944146,
  "compression_content_distortion": 4.1615853,
  "uvq": 4.1615853,
  "filename": "giftmord_original_1280x720_q0.lanczos.mkv",
  "timestamp": "2025-09-06 13:30:47"
}