{
  "compression": 4.2485895,
  "content": 3.9197712,
  "distortion": 3.801453,
  "compression_content": 4.279332,
  "compression_distortion": 4.018537,
  "content_distortion": 3.9447598,
  "compression_content_distortion": 4.1087646,
  "uvq": 4.1087646,
  "filename": "giftmord_av1_640x360_q54.dove.mkv",
  "timestamp": "2025-09-06 15:36:50"
}