{
  "compression": 4.335036,
  "content": 4.05365,
  "distortion": 4.02691,
  "compression_content": 4.3629026,
  "compression_distortion": 4.083968,
  "content_distortion": 4.0462894,
  "compression_content_distortion": 4.2013144,
  "uvq": 4.2013144,
  "filename": "giftmord_original_640x360_q0.seedvr2.mkv",
  "timestamp": "2025-09-06 14:35:53"
}