{
  "compression": 4.3549395,
  "content": 4.0958796,
  "distortion": 4.0099936,
  "compression_content": 4.338485,
  "compression_distortion": 4.2041874,
  "content_distortion": 4.0710645,
  "compression_content_distortion": 4.2742605,
  "uvq": 4.2742605,
  "filename": "giftmord_original_640x360_q0.scst.mkv",
  "timestamp": "2025-09-06 14:14:27"
}