{
  "compression": 4.485712,
  "content": 4.1359625,
  "distortion": 3.9805462,
  "compression_content": 4.590072,
  "compression_distortion": 4.2756395,
  "content_distortion": 3.9774354,
  "compression_content_distortion": 4.3843946,
  "uvq": 4.3843946,
  "filename": "giftmord_dcvcrt_640x360_q34.rhea.mkv",
  "timestamp": "2025-09-06 14:45:50"
}