{
  "compression": 4.138464,
  "content": 3.9409451,
  "distortion": 4.1639595,
  "compression_content": 4.1661963,
  "compression_distortion": 3.95723,
  "content_distortion": 4.1817846,
  "compression_content_distortion": 4.0890703,
  "uvq": 4.0890703,
  "filename": "giftmord_original_3840x2160_q0.source.mkv",
  "timestamp": "2025-09-06 15:43:20"
}