{
  "compression": 4.4165344,
  "content": 4.090646,
  "distortion": 4.0724535,
  "compression_content": 4.5561156,
  "compression_distortion": 4.308137,
  "content_distortion": 4.1035843,
  "compression_content_distortion": 4.3497705,
  "uvq": 4.3497705,
  "filename": "giftmord_dcvcrt_640x360_q34.seedvr2.mkv",
  "timestamp": "2025-09-06 15:38:03"
}