{
  "compression": 4.109283,
  "content": 3.918631,
  "distortion": 3.5850704,
  "compression_content": 4.2106504,
  "compression_distortion": 3.8263156,
  "content_distortion": 3.848346,
  "compression_content_distortion": 3.994267,
  "uvq": 3.994267,
  "filename": "giftmord_av1_1280x720_q48.lanczos.mkv",
  "timestamp": "2025-09-06 15:06:18"
}