{
  "compression": 4.1899877,
  "content": 4.027486,
  "distortion": 3.573508,
  "compression_content": 4.2960577,
  "compression_distortion": 3.8449924,
  "content_distortion": 3.916203,
  "compression_content_distortion": 4.056182,
  "uvq": 4.056182,
  "filename": "giftmord_original_1280x720_q0.starlightmini.mkv",
  "timestamp": "2025-09-06 15:49:38"
}