{
  "compression": 4.4951353,
  "content": 4.2343435,
  "distortion": 4.184353,
  "compression_content": 4.624814,
  "compression_distortion": 4.374217,
  "content_distortion": 4.2650156,
  "compression_content_distortion": 4.4765754,
  "uvq": 4.4765754,
  "filename": "giftmord_dcvcrt_1280x720_q42.seedvr2.mkv",
  "timestamp": "2025-09-06 15:47:37"
}