{
  "compression": 4.321767,
  "content": 4.027578,
  "distortion": 3.622708,
  "compression_content": 4.462762,
  "compression_distortion": 4.029162,
  "content_distortion": 3.919064,
  "compression_content_distortion": 4.245899,
  "uvq": 4.245899,
  "filename": "giftmord_dcvcrt_1280x720_q42.lanczos.mkv",
  "timestamp": "2025-09-06 14:41:57"
}