{
  "compression": 4.453434,
  "content": 4.153385,
  "distortion": 4.060995,
  "compression_content": 4.5929117,
  "compression_distortion": 4.382773,
  "content_distortion": 4.0757685,
  "compression_content_distortion": 4.4187894,
  "uvq": 4.4187894,
  "filename": "giftmord_dcvcrt_1280x720_q42.rhea.mkv",
  "timestamp": "2025-09-06 14:15:01"
}