{
  "compression": 4.2879276,
  "content": 4.2104764,
  "distortion": 4.0950236,
  "compression_content": 4.349219,
  "compression_distortion": 4.2571273,
  "content_distortion": 4.219011,
  "compression_content_distortion": 4.319382,
  "uvq": 4.319382,
  "filename": "giftmord_av1_1280x720_q48.scst.mkv",
  "timestamp": "2025-09-06 13:38:02"
}