{
  "compression": 4.251358,
  "content": 4.0258274,
  "distortion": 4.0078406,
  "compression_content": 4.331918,
  "compression_distortion": 4.050389,
  "content_distortion": 4.069541,
  "compression_content_distortion": 4.102253,
  "uvq": 4.102253,
  "filename": "giftmord_av1_640x360_q54.seedvr2.mkv",
  "timestamp": "2025-09-06 15:28:10"
}