{
  "compression": 4.2864637,
  "content": 4.010746,
  "distortion": 3.672535,
  "compression_content": 4.3899946,
  "compression_distortion": 3.9783878,
  "content_distortion": 3.910236,
  "compression_content_distortion": 4.1508017,
  "uvq": 4.1508017,
  "filename": "giftmord_av1_640x360_q54.starlightmini.mkv",
  "timestamp": "2025-09-06 15:01:19"
}