{
  "compression": 3.65313,
  "content": 3.7083645,
  "distortion": 3.285621,
  "compression_content": 3.7202716,
  "compression_distortion": 3.3856075,
  "content_distortion": 3.400856,
  "compression_content_distortion": 3.511727,
  "uvq": 3.511727,
  "filename": "giftmord_av1_640x360_q54.lanczos.mkv",
  "timestamp": "2025-09-06 15:02:29"
}