{
  "compression": 4.360696,
  "content": 4.033284,
  "distortion": 3.6834538,
  "compression_content": 4.3866587,
  "compression_distortion": 4.0221167,
  "content_distortion": 3.9675438,
  "compression_content_distortion": 4.1615777,
  "uvq": 4.1615777,
  "filename": "giftmord_original_1280x720_q0.dove.mkv",
  "timestamp": "2025-09-06 15:09:40"
}