{
  "compression": 4.0745955,
  "content": 3.9123454,
  "distortion": 3.3986294,
  "compression_content": 4.2340555,
  "compression_distortion": 3.7168732,
  "content_distortion": 3.5765164,
  "compression_content_distortion": 3.878573,
  "uvq": 3.878573,
  "filename": "giftmord_dcvcrt_640x360_q34.lanczos.mkv",
  "timestamp": "2025-09-06 14:53:09"
}