{
  "compression": 4.0279226,
  "content": 3.9049225,
  "distortion": 3.469542,
  "compression_content": 4.0782924,
  "compression_distortion": 3.8093667,
  "content_distortion": 3.7233925,
  "compression_content_distortion": 3.8824658,
  "uvq": 3.8824658,
  "filename": "giftmord_original_640x360_q0.lanczos.mkv",
  "timestamp": "2025-09-06 13:40:04"
}