{
  "compression": 4.3667545,
  "content": 4.140458,
  "distortion": 4.2145267,
  "compression_content": 4.464633,
  "compression_distortion": 4.2509756,
  "content_distortion": 4.2763534,
  "compression_content_distortion": 4.3352385,
  "uvq": 4.3352385,
  "filename": "giftmord_av1_1280x720_q48.seedvr2.mkv",
  "timestamp": "2025-09-06 15:35:37"
}