{
  "compression": 4.4235544,
  "content": 4.2223144,
  "distortion": 4.178956,
  "compression_content": 4.538108,
  "compression_distortion": 4.4410996,
  "content_distortion": 4.195658,
  "compression_content_distortion": 4.42255,
  "uvq": 4.42255,
  "filename": "giftmord_dcvcrt_1280x720_q42.scst.mkv",
  "timestamp": "2025-09-06 15:53:57"
}