{
  "compression": 4.313299,
  "content": 4.0603447,
  "distortion": 4.276171,
  "compression_content": 4.3279777,
  "compression_distortion": 4.1756334,
  "content_distortion": 4.204097,
  "compression_content_distortion": 4.196332,
  "uvq": 4.196332,
  "filename": "giftmord_original_1280x720_q0.seedvr2.mkv",
  "timestamp": "2025-09-06 14:33:11"
}