{
  "compression": 4.287684,
  "content": 4.1034474,
  "distortion": 3.9008477,
  "compression_content": 4.379374,
  "compression_distortion": 4.1246576,
  "content_distortion": 4.0302706,
  "compression_content_distortion": 4.2219324,
  "uvq": 4.2219324,
  "filename": "giftmord_original_640x360_q0.rhea.mkv",
  "timestamp": "2025-09-06 15:39:14"
}