{
  "compression": 4.441667,
  "content": 4.159414,
  "distortion": 4.07779,
  "compression_content": 4.471383,
  "compression_distortion": 4.3430624,
  "content_distortion": 4.157438,
  "compression_content_distortion": 4.39248,
  "uvq": 4.39248,
  "filename": "giftmord_dcvcrt_640x360_q34.scst.mkv",
  "timestamp": "2025-09-06 13:51:56"
}