{
  "compression": 4.348716,
  "content": 4.0480757,
  "distortion": 3.7948654,
  "compression_content": 4.404318,
  "compression_distortion": 4.0516253,
  "content_distortion": 3.9602256,
  "compression_content_distortion": 4.1582975,
  "uvq": 4.1582975,
  "filename": "giftmord_av1_1280x720_q48.dove.mkv",
  "timestamp": "2025-09-06 14:57:45"
}