{
  "compression": 4.4576187,
  "content": 4.1018248,
  "distortion": 3.6556861,
  "compression_content": 4.589979,
  "compression_distortion": 4.1467023,
  "content_distortion": 3.9324028,
  "compression_content_distortion": 4.3291183,
  "uvq": 4.3291183,
  "filename": "giftmord_dcvcrt_640x360_q34.starlightmini.mkv",
  "timestamp": "2025-09-06 14:08:57"
}