{
  "compression": 4.399526,
  "content": 4.148431,
  "distortion": 4.006692,
  "compression_content": 4.490913,
  "compression_distortion": 4.1826835,
  "content_distortion": 4.042204,
  "compression_content_distortion": 4.2558694,
  "uvq": 4.2558694,
  "filename": "giftmord_av1_1280x720_q48.rhea.mkv",
  "timestamp": "2025-09-06 15:03:42"
}