{
  "compression": 4.4533997,
  "content": 4.304677,
  "distortion": 4.4044657,
  "compression_content": 4.6319985,
  "compression_distortion": 4.5965323,
  "content_distortion": 4.4204965,
  "compression_content_distortion": 4.6513343,
  "uvq": 4.6513343,
  "filename": "sparks15_original_640x360_q0.dove.mkv",
  "timestamp": "2025-09-06 15:13:05"
}