{
  "compression": 4.031333,
  "content": 3.7631593,
  "distortion": 4.1914663,
  "compression_content": 4.084996,
  "compression_distortion": 4.284092,
  "content_distortion": 4.0082884,
  "compression_content_distortion": 4.131194,
  "uvq": 4.131194,
  "filename": "sparks15_av1_640x360_q54.rhea.mkv",
  "timestamp": "2025-09-06 15:47:02"
}