{
  "compression": 3.5774746,
  "content": 3.5238373,
  "distortion": 3.7641087,
  "compression_content": 3.62552,
  "compression_distortion": 3.7316442,
  "content_distortion": 3.5313587,
  "compression_content_distortion": 3.6380188,
  "uvq": 3.6380188,
  "filename": "sparks15_dcvcrt_640x360_q34.lanczos.mkv",
  "timestamp": "2025-09-06 15:31:55"
}