{
  "compression": 4.2162957,
  "content": 3.8881493,
  "distortion": 3.9419098,
  "compression_content": 4.4551153,
  "compression_distortion": 4.154692,
  "content_distortion": 4.0081067,
  "compression_content_distortion": 4.2856894,
  "uvq": 4.2856894,
  "filename": "sparks15_av1_1280x720_q48.starlightmini.mkv",
  "timestamp": "2025-09-06 13:47:49"
}