{
  "compression": 2.9565911,
  "content": 3.3559456,
  "distortion": 3.2747483,
  "compression_content": 3.1274104,
  "compression_distortion": 3.0173109,
  "content_distortion": 3.3311336,
  "compression_content_distortion": 3.1717408,
  "uvq": 3.1717408,
  "filename": "sparks15_av1_640x360_q54.lanczos.mkv",
  "timestamp": "2025-09-06 14:13:49"
}