{
  "compression": 4.3361144,
  "content": 4.3123226,
  "distortion": 4.6312046,
  "compression_content": 4.635731,
  "compression_distortion": 4.6452475,
  "content_distortion": 4.74,
  "compression_content_distortion": 4.777501,
  "uvq": 4.777501,
  "filename": "sparks15_original_1280x720_q0.rhea.mkv",
  "timestamp": "2025-09-06 14:49:21"
}