{
  "compression": 4.3246613,
  "content": 3.992333,
  "distortion": 4.621103,
  "compression_content": 4.4685364,
  "compression_distortion": 4.5694375,
  "content_distortion": 4.526304,
  "compression_content_distortion": 4.632531,
  "uvq": 4.632531,
  "filename": "sparks15_av1_1280x720_q48.rhea.mkv",
  "timestamp": "2025-09-06 14:28:27"
}