{
  "compression": 4.366944,
  "content": 3.9069266,
  "distortion": 4.028066,
  "compression_content": 4.5707073,
  "compression_distortion": 4.2600107,
  "content_distortion": 4.093953,
  "compression_content_distortion": 4.4132943,
  "uvq": 4.4132943,
  "filename": "sparks15_dcvcrt_1280x720_q42.starlightmini.mkv",
  "timestamp": "2025-09-06 15:28:47"
}