{
  "compression": 4.141903,
  "content": 3.707002,
  "distortion": 4.12192,
  "compression_content": 4.2090464,
  "compression_distortion": 4.2097063,
  "content_distortion": 4.11717,
  "compression_content_distortion": 4.2081656,
  "uvq": 4.2081656,
  "filename": "sparks15_dcvcrt_640x360_q34.starlightmini.mkv",
  "timestamp": "2025-09-06 14:56:23"
}