{
  "compression": 4.2865787,
  "content": 3.946155,
  "distortion": 4.33712,
  "compression_content": 4.3694224,
  "compression_distortion": 4.495887,
  "content_distortion": 4.3088355,
  "compression_content_distortion": 4.582863,
  "uvq": 4.582863,
  "filename": "sparks15_av1_1280x720_q48.dove.mkv",
  "timestamp": "2025-09-06 14:12:37"
}