{
  "compression": 4.4613976,
  "content": 4.313382,
  "distortion": 4.8124557,
  "compression_content": 4.5667267,
  "compression_distortion": 4.6928515,
  "content_distortion": 4.6858425,
  "compression_content_distortion": 4.643281,
  "uvq": 4.643281,
  "filename": "sparks15_original_640x360_q0.seedvr2.mkv",
  "timestamp": "2025-09-06 13:58:12"
}