{
  "compression": 4.1235733,
  "content": 4.2615066,
  "distortion": 3.7717597,
  "compression_content": 4.36813,
  "compression_distortion": 4.160621,
  "content_distortion": 3.7364984,
  "compression_content_distortion": 4.1085305,
  "uvq": 4.1085305,
  "filename": "sparks15_original_640x360_q0.lanczos.mkv",
  "timestamp": "2025-09-06 14:19:38"
}