{
  "compression": 4.227374,
  "content": 3.724626,
  "distortion": 4.2345343,
  "compression_content": 4.1896524,
  "compression_distortion": 4.2640944,
  "content_distortion": 3.9908423,
  "compression_content_distortion": 4.1238465,
  "uvq": 4.1238465,
  "filename": "sparks15_dcvcrt_640x360_q34.dove.mkv",
  "timestamp": "2025-09-06 14:20:12"
}