{
  "compression": 4.542086,
  "content": 4.01176,
  "distortion": 4.304283,
  "compression_content": 4.584822,
  "compression_distortion": 4.5375166,
  "content_distortion": 4.3298774,
  "compression_content_distortion": 4.6605196,
  "uvq": 4.6605196,
  "filename": "sparks15_dcvcrt_1280x720_q42.dove.mkv",
  "timestamp": "2025-09-06 13:33:17"
}