{
  "compression": 4.039447,
  "content": 3.574168,
  "distortion": 4.4724455,
  "compression_content": 3.9492364,
  "compression_distortion": 4.32706,
  "content_distortion": 4.07009,
  "compression_content_distortion": 4.0413465,
  "uvq": 4.0413465,
  "filename": "sparks15_dcvcrt_640x360_q34.seedvr2.mkv",
  "timestamp": "2025-09-06 15:10:18"
}