{
  "compression": 4.2968774,
  "content": 3.8897748,
  "distortion": 3.8356996,
  "compression_content": 4.398967,
  "compression_distortion": 4.1445627,
  "content_distortion": 3.7853043,
  "compression_content_distortion": 4.165179,
  "uvq": 4.165179,
  "filename": "sparks15_dcvcrt_1280x720_q42.lanczos.mkv",
  "timestamp": "2025-09-06 15:26:50"
}