{
  "compression": 4.016921,
  "content": 3.9200401,
  "distortion": 4.354933,
  "compression_content": 4.112803,
  "compression_distortion": 4.206115,
  "content_distortion": 4.090581,
  "compression_content_distortion": 4.077563,
  "uvq": 4.077563,
  "filename": "sparks15_dcvcrt_640x360_q34.scst.mkv",
  "timestamp": "2025-09-06 15:25:28"
}