{
  "compression": 4.473197,
  "content": 3.9802322,
  "distortion": 4.4304466,
  "compression_content": 4.571411,
  "compression_distortion": 4.58265,
  "content_distortion": 4.401563,
  "compression_content_distortion": 4.7521133,
  "uvq": 4.7521133,
  "filename": "sparks15_dcvcrt_1280x720_q42.rhea.mkv",
  "timestamp": "2025-09-06 14:06:21"
}