{
  "compression": 3.9408386,
  "content": 3.849821,
  "distortion": 3.8448994,
  "compression_content": 4.1551256,
  "compression_distortion": 3.9349728,
  "content_distortion": 3.8814025,
  "compression_content_distortion": 4.0405955,
  "uvq": 4.0405955,
  "filename": "sparks15_av1_1280x720_q48.lanczos.mkv",
  "timestamp": "2025-09-06 15:20:13"
}