{
  "compression": 4.335012,
  "content": 4.3736086,
  "distortion": 4.693844,
  "compression_content": 4.5807595,
  "compression_distortion": 4.503797,
  "content_distortion": 4.627814,
  "compression_content_distortion": 4.533426,
  "uvq": 4.533426,
  "filename": "sparks15_original_1280x720_q0.lanczos.mkv",
  "timestamp": "2025-09-06 15:24:17"
}