{
  "compression": 4.47944,
  "content": 4.3717856,
  "distortion": 4.8686466,
  "compression_content": 4.612687,
  "compression_distortion": 4.59179,
  "content_distortion": 4.821167,
  "compression_content_distortion": 4.6303897,
  "uvq": 4.6303897,
  "filename": "sparks15_original_1280x720_q0.seedvr2.mkv",
  "timestamp": "2025-09-06 15:19:00"
}