{
  "compression": 4.2528105,
  "content": 3.733394,
  "distortion": 4.3681045,
  "compression_content": 4.219314,
  "compression_distortion": 4.355748,
  "content_distortion": 4.184508,
  "compression_content_distortion": 4.2535315,
  "uvq": 4.2535315,
  "filename": "sparks15_dcvcrt_640x360_q34.rhea.mkv",
  "timestamp": "2025-09-06 14:22:44"
}