{
  "compression": 3.353511,
  "content": 3.4621425,
  "distortion": 4.007679,
  "compression_content": 3.450259,
  "compression_distortion": 3.7506042,
  "content_distortion": 3.938411,
  "compression_content_distortion": 3.7543507,
  "uvq": 3.7543507,
  "filename": "sparks15_av1_640x360_q54.seedvr2.mkv",
  "timestamp": "2025-09-06 14:08:25"
}