{
  "compression": 3.6637318,
  "content": 3.4443672,
  "distortion": 3.9597726,
  "compression_content": 3.73376,
  "compression_distortion": 3.8795562,
  "content_distortion": 3.9436448,
  "compression_content_distortion": 3.8941445,
  "uvq": 3.8941445,
  "filename": "sparks15_av1_640x360_q54.starlightmini.mkv",
  "timestamp": "2025-09-06 14:43:13"
}