{
  "compression": 4.410164,
  "content": 4.5179806,
  "distortion": 4.833371,
  "compression_content": 4.66112,
  "compression_distortion": 4.750853,
  "content_distortion": 4.6836247,
  "compression_content_distortion": 4.706229,
  "uvq": 4.706229,
  "filename": "sparks15_original_1280x720_q0.scst.mkv",
  "timestamp": "2025-09-06 14:07:02"
}