{
  "compression": 4.2917166,
  "content": 3.906721,
  "distortion": 4.659291,
  "compression_content": 4.393272,
  "compression_distortion": 4.4406347,
  "content_distortion": 4.421603,
  "compression_content_distortion": 4.435286,
  "uvq": 4.435286,
  "filename": "sparks15_av1_1280x720_q48.seedvr2.mkv",
  "timestamp": "2025-09-06 15:14:57"
}