{
  "compression": 3.4898028,
  "content": 3.5492203,
  "distortion": 3.9544442,
  "compression_content": 3.616558,
  "compression_distortion": 3.8640366,
  "content_distortion": 3.884581,
  "compression_content_distortion": 3.8414407,
  "uvq": 3.8414407,
  "filename": "sparks15_av1_640x360_q54.dove.mkv",
  "timestamp": "2025-09-06 15:24:51"
}