{
  "compression": 4.3720865,
  "content": 4.2884073,
  "distortion": 4.412234,
  "compression_content": 4.6494937,
  "compression_distortion": 4.432498,
  "content_distortion": 4.4430575,
  "compression_content_distortion": 4.5342956,
  "uvq": 4.5342956,
  "filename": "sparks15_original_640x360_q0.rhea.mkv",
  "timestamp": "2025-09-06 14:43:52"
}