{
  "compression": 4.316227,
  "content": 4.1731544,
  "distortion": 4.2470694,
  "compression_content": 4.6216145,
  "compression_distortion": 4.421098,
  "content_distortion": 4.2213535,
  "compression_content_distortion": 4.5149927,
  "uvq": 4.5149927,
  "filename": "sparks15_original_640x360_q0.starlightmini.mkv",
  "timestamp": "2025-09-06 13:51:19"
}