{
  "compression": 4.483448,
  "content": 4.14703,
  "distortion": 4.4479256,
  "compression_content": 4.5117674,
  "compression_distortion": 4.4992943,
  "content_distortion": 4.36718,
  "compression_content_distortion": 4.527407,
  "uvq": 4.527407,
  "filename": "sparks15_dcvcrt_1280x720_q42.scst.mkv",
  "timestamp": "2025-09-06 14:52:01"
}