{
  "compression": 4.3336554,
  "content": 4.3739743,
  "distortion": 4.6187477,
  "compression_content": 4.5830927,
  "compression_distortion": 4.4606934,
  "content_distortion": 4.5153494,
  "compression_content_distortion": 4.4521933,
  "uvq": 4.4521933,
  "filename": "sparks15_original_3840x2160_q0.source.mkv",
  "timestamp": "2025-09-06 13:57:31"
}