{
  "compression": 3.8141136,
  "content": 4.1912503,
  "distortion": 4.1344604,
  "compression_content": 4.11606,
  "compression_distortion": 4.103745,
  "content_distortion": 4.1394672,
  "compression_content_distortion": 4.0973635,
  "uvq": 4.0973635,
  "filename": "sparks15_av1_640x360_q54.scst.mkv",
  "timestamp": "2025-09-06 14:20:51"
}