{
  "compression": 4.2275934,
  "content": 4.1599073,
  "distortion": 4.3494368,
  "compression_content": 4.317864,
  "compression_distortion": 4.339029,
  "content_distortion": 4.1958556,
  "compression_content_distortion": 4.249017,
  "uvq": 4.249017,
  "filename": "sparks15_av1_1280x720_q48.scst.mkv",
  "timestamp": "2025-09-06 15:36:17"
}