{
  "compression": 4.3346944,
  "content": 4.210665,
  "distortion": 4.3993225,
  "compression_content": 4.5974097,
  "compression_distortion": 4.4860406,
  "content_distortion": 4.475118,
  "compression_content_distortion": 4.601726,
  "uvq": 4.601726,
  "filename": "sparks15_original_1280x720_q0.starlightmini.mkv",
  "timestamp": "2025-09-06 15:22:58"
}