{
  "compression": 4.4075108,
  "content": 4.4873705,
  "distortion": 4.545172,
  "compression_content": 4.6019335,
  "compression_distortion": 4.626261,
  "content_distortion": 4.4894724,
  "compression_content_distortion": 4.587074,
  "uvq": 4.587074,
  "filename": "sparks15_original_640x360_q0.scst.mkv",
  "timestamp": "2025-09-06 13:52:36"
}