{
  "compression": 4.5483956,
  "content": 3.9567,
  "distortion": 4.526061,
  "compression_content": 4.503269,
  "compression_distortion": 4.5507283,
  "content_distortion": 4.3661222,
  "compression_content_distortion": 4.48637,
  "uvq": 4.48637,
  "filename": "sparks15_dcvcrt_1280x720_q42.seedvr2.mkv",
  "timestamp": "2025-09-06 15:02:00"
}