{
  "compression": 4.47769,
  "content": 4.351594,
  "distortion": 4.6878557,
  "compression_content": 4.682981,
  "compression_distortion": 4.701433,
  "content_distortion": 4.834128,
  "compression_content_distortion": 4.9231386,
  "uvq": 4.9231386,
  "filename": "sparks15_original_1280x720_q0.dove.mkv",
  "timestamp": "2025-09-06 15:05:49"
}