{
  "compression": 3.7459724,
  "content": 3.9128132,
  "distortion": 3.829874,
  "compression_content": 4.147996,
  "compression_distortion": 3.6733334,
  "content_distortion": 4.0473776,
  "compression_content_distortion": 3.9848645,
  "uvq": 3.9848645,
  "filename": "vegetables_original_640x360_q0.starlightmini.mkv",
  "timestamp": "2025-09-06 14:34:33"
}