{
  "compression": 3.8023458,
  "content": 3.9455647,
  "distortion": 4.0362625,
  "compression_content": 4.189854,
  "compression_distortion": 3.7045052,
  "content_distortion": 4.2351513,
  "compression_content_distortion": 4.051082,
  "uvq": 4.051082,
  "filename": "vegetables_original_640x360_q0.rhea.mkv",
  "timestamp": "2025-09-06 14:13:18"
}