{
  "compression": 3.7487311,
  "content": 3.9402626,
  "distortion": 3.9549308,
  "compression_content": 4.170165,
  "compression_distortion": 3.8061268,
  "content_distortion": 4.138237,
  "compression_content_distortion": 4.066182,
  "uvq": 4.066182,
  "filename": "vegetables_dcvcrt_640x360_q34.rhea.mkv",
  "timestamp": "2025-09-06 15:30:02"
}