{
  "compression": 3.667399,
  "content": 3.9414475,
  "distortion": 3.8354917,
  "compression_content": 4.1298,
  "compression_distortion": 3.6519692,
  "content_distortion": 4.0705504,
  "compression_content_distortion": 4.0139585,
  "uvq": 4.0139585,
  "filename": "vegetables_av1_1280x720_q48.starlightmini.mkv",
  "timestamp": "2025-09-06 14:53:46"
}