{
  "compression": 3.6495013,
  "content": 3.875543,
  "distortion": 3.9070263,
  "compression_content": 4.0641,
  "compression_distortion": 3.7135148,
  "content_distortion": 4.0832686,
  "compression_content_distortion": 3.9731946,
  "uvq": 3.9731946,
  "filename": "vegetables_dcvcrt_1280x720_q42.lanczos.mkv",
  "timestamp": "2025-09-06 15:42:38"
}