{
  "compression": 4.0183744,
  "content": 4.0760107,
  "distortion": 3.8398628,
  "compression_content": 4.3711762,
  "compression_distortion": 3.9056816,
  "content_distortion": 4.292721,
  "compression_content_distortion": 4.3196173,
  "uvq": 4.3196173,
  "filename": "vegetables_original_640x360_q0.scst.mkv",
  "timestamp": "2025-09-06 15:40:35"
}