{
  "compression": 3.9904683,
  "content": 4.0077066,
  "distortion": 3.6872528,
  "compression_content": 4.210801,
  "compression_distortion": 3.7099965,
  "content_distortion": 4.1400743,
  "compression_content_distortion": 4.111217,
  "uvq": 4.111217,
  "filename": "vegetables_av1_640x360_q54.scst.mkv",
  "timestamp": "2025-09-06 15:35:01"
}