{
  "compression": 3.8099194,
  "content": 3.9071999,
  "distortion": 3.910726,
  "compression_content": 4.183648,
  "compression_distortion": 3.836139,
  "content_distortion": 4.1534286,
  "compression_content_distortion": 4.1462474,
  "uvq": 4.1462474,
  "filename": "vegetables_dcvcrt_1280x720_q42.starlightmini.mkv",
  "timestamp": "2025-09-06 14:38:37"
}