{
  "compression": 3.7038846,
  "content": 3.9087532,
  "distortion": 3.931739,
  "compression_content": 4.0861025,
  "compression_distortion": 3.7344887,
  "content_distortion": 4.126063,
  "compression_content_distortion": 4.015863,
  "uvq": 4.015863,
  "filename": "vegetables_original_1280x720_q0.starlightmini.mkv",
  "timestamp": "2025-09-06 14:41:28"
}