{
  "compression": 3.5447578,
  "content": 3.8441517,
  "distortion": 3.9308732,
  "compression_content": 4.0057616,
  "compression_distortion": 3.638661,
  "content_distortion": 4.02551,
  "compression_content_distortion": 3.955976,
  "uvq": 3.955976,
  "filename": "vegetables_av1_640x360_q54.dove.mkv",
  "timestamp": "2025-09-06 14:11:22"
}