{
  "compression": 3.6433206,
  "content": 3.875836,
  "distortion": 3.8323963,
  "compression_content": 4.072137,
  "compression_distortion": 3.5933506,
  "content_distortion": 4.0276384,
  "compression_content_distortion": 3.9507098,
  "uvq": 3.9507098,
  "filename": "vegetables_av1_1280x720_q48.dove.mkv",
  "timestamp": "2025-09-06 15:42:03"
}