{
  "compression": 3.833095,
  "content": 3.928353,
  "distortion": 4.0580173,
  "compression_content": 4.290382,
  "compression_distortion": 3.8555431,
  "content_distortion": 4.2770753,
  "compression_content_distortion": 4.2483835,
  "uvq": 4.2483835,
  "filename": "vegetables_dcvcrt_1280x720_q42.rhea.mkv",
  "timestamp": "2025-09-06 15:50:56"
}