{
  "compression": 3.7809396,
  "content": 3.8820426,
  "distortion": 4.2925844,
  "compression_content": 4.1784453,
  "compression_distortion": 3.9540195,
  "content_distortion": 4.4906425,
  "compression_content_distortion": 4.3160744,
  "uvq": 4.3160744,
  "filename": "vegetables_dcvcrt_1280x720_q42.seedvr2.mkv",
  "timestamp": "2025-09-06 14:50:44"
}