{
  "compression": 3.546847,
  "content": 3.867651,
  "distortion": 3.931724,
  "compression_content": 4.024908,
  "compression_distortion": 3.7460868,
  "content_distortion": 4.0641494,
  "compression_content_distortion": 3.9838645,
  "uvq": 3.9838645,
  "filename": "vegetables_av1_640x360_q54.starlightmini.mkv",
  "timestamp": "2025-09-06 13:49:55"
}