{
  "compression": 3.6765447,
  "content": 3.9381168,
  "distortion": 3.9783454,
  "compression_content": 4.1171145,
  "compression_distortion": 3.7531178,
  "content_distortion": 4.1237564,
  "compression_content_distortion": 4.017144,
  "uvq": 4.017144,
  "filename": "vegetables_av1_640x360_q54.rhea.mkv",
  "timestamp": "2025-09-06 14:27:48"
}