{
  "compression": 3.6195283,
  "content": 3.8815951,
  "distortion": 3.7877357,
  "compression_content": 4.0329714,
  "compression_distortion": 3.4230163,
  "content_distortion": 4.091394,
  "compression_content_distortion": 3.8917737,
  "uvq": 3.8917737,
  "filename": "vegetables_original_3840x2160_q0.source.mkv",
  "timestamp": "2025-09-06 15:12:26"
}