{
  "compression": 3.6867461,
  "content": 3.9251251,
  "distortion": 4.0290117,
  "compression_content": 4.143963,
  "compression_distortion": 3.7514007,
  "content_distortion": 4.2360106,
  "compression_content_distortion": 4.16356,
  "uvq": 4.16356,
  "filename": "vegetables_av1_1280x720_q48.rhea.mkv",
  "timestamp": "2025-09-06 15:34:14"
}