{
  "compression": 3.9383595,
  "content": 3.9491875,
  "distortion": 3.7783532,
  "compression_content": 4.1687784,
  "compression_distortion": 3.871429,
  "content_distortion": 4.1742163,
  "compression_content_distortion": 4.1715884,
  "uvq": 4.1715884,
  "filename": "vegetables_dcvcrt_640x360_q34.scst.mkv",
  "timestamp": "2025-09-06 14:37:15"
}