{
  "compression": 4.0144897,
  "content": 4.0315557,
  "distortion": 3.758675,
  "compression_content": 4.3263183,
  "compression_distortion": 3.772225,
  "content_distortion": 4.2425704,
  "compression_content_distortion": 4.2614717,
  "uvq": 4.2614717,
  "filename": "vegetables_av1_1280x720_q48.scst.mkv",
  "timestamp": "2025-09-06 14:30:33"
}