{
  "compression": 3.9905972,
  "content": 4.0216246,
  "distortion": 3.8713365,
  "compression_content": 4.2761726,
  "compression_distortion": 3.839285,
  "content_distortion": 4.2993555,
  "compression_content_distortion": 4.265335,
  "uvq": 4.265335,
  "filename": "vegetables_dcvcrt_1280x720_q42.scst.mkv",
  "timestamp": "2025-09-06 14:17:40"
}