{
  "compression": 3.4652565,
  "content": 3.8664582,
  "distortion": 4.1773915,
  "compression_content": 3.929908,
  "compression_distortion": 3.6678176,
  "content_distortion": 4.268454,
  "compression_content_distortion": 3.9980056,
  "uvq": 3.9980056,
  "filename": "vegetables_av1_640x360_q54.seedvr2.mkv",
  "timestamp": "2025-09-06 14:44:35"
}