{
  "compression": 3.6290905,
  "content": 3.8733482,
  "distortion": 3.7414832,
  "compression_content": 4.033886,
  "compression_distortion": 3.395534,
  "content_distortion": 4.0860596,
  "compression_content_distortion": 3.866963,
  "uvq": 3.866963,
  "filename": "vegetables_original_1280x720_q0.lanczos.mkv",
  "timestamp": "2025-09-06 14:16:53"
}