{
  "compression": 3.737559,
  "content": 3.9058127,
  "distortion": 4.1134167,
  "compression_content": 4.132417,
  "compression_distortion": 3.751698,
  "content_distortion": 4.372222,
  "compression_content_distortion": 4.1210938,
  "uvq": 4.1210938,
  "filename": "vegetables_original_1280x720_q0.seedvr2.mkv",
  "timestamp": "2025-09-06 13:50:41"
}