{
  "compression": 3.723515,
  "content": 3.8936088,
  "distortion": 4.1793942,
  "compression_content": 4.1444564,
  "compression_distortion": 3.792487,
  "content_distortion": 4.41193,
  "compression_content_distortion": 4.1803875,
  "uvq": 4.1803875,
  "filename": "vegetables_original_640x360_q0.seedvr2.mkv",
  "timestamp": "2025-09-06 13:46:32"
}