{
  "compression": 3.61321,
  "content": 3.9256775,
  "distortion": 4.1903152,
  "compression_content": 4.0993986,
  "compression_distortion": 3.7534397,
  "content_distortion": 4.4151845,
  "compression_content_distortion": 4.1319103,
  "uvq": 4.1319103,
  "filename": "vegetables_av1_1280x720_q48.seedvr2.mkv",
  "timestamp": "2025-09-06 14:33:53"
}