{
  "compression": 3.8148983,
  "content": 3.850473,
  "distortion": 4.013451,
  "compression_content": 4.1879816,
  "compression_distortion": 3.7857099,
  "content_distortion": 4.137333,
  "compression_content_distortion": 4.1375093,
  "uvq": 4.1375093,
  "filename": "vegetables_dcvcrt_1280x720_q42.dove.mkv",
  "timestamp": "2025-09-06 15:21:36"
}