{
  "compression": 3.5051167,
  "content": 3.88385,
  "distortion": 3.6339314,
  "compression_content": 3.9550729,
  "compression_distortion": 3.3375676,
  "content_distortion": 3.8643677,
  "compression_content_distortion": 3.683297,
  "uvq": 3.683297,
  "filename": "vegetables_original_640x360_q0.lanczos.mkv",
  "timestamp": "2025-09-06 14:26:23"
}