{
  "compression": 3.9550064,
  "content": 4.026522,
  "distortion": 3.8756204,
  "compression_content": 4.317439,
  "compression_distortion": 3.8128364,
  "content_distortion": 4.267313,
  "compression_content_distortion": 4.2746215,
  "uvq": 4.2746215,
  "filename": "vegetables_original_1280x720_q0.scst.mkv",
  "timestamp": "2025-09-06 14:55:48"
}