{
  "compression": 3.7650273,
  "content": 3.891967,
  "distortion": 3.9676375,
  "compression_content": 4.1410775,
  "compression_distortion": 3.6682496,
  "content_distortion": 4.1024413,
  "compression_content_distortion": 3.9741397,
  "uvq": 3.9741397,
  "filename": "vegetables_original_1280x720_q0.dove.mkv",
  "timestamp": "2025-09-06 13:38:42"
}