{
  "compression": 3.3295593,
  "content": 3.7887623,
  "distortion": 3.6236026,
  "compression_content": 3.7599418,
  "compression_distortion": 3.4724567,
  "content_distortion": 3.631784,
  "compression_content_distortion": 3.5970585,
  "uvq": 3.5970585,
  "filename": "vegetables_dcvcrt_640x360_q34.lanczos.mkv",
  "timestamp": "2025-09-06 14:46:24"
}