{
  "compression": 3.556827,
  "content": 3.8210056,
  "distortion": 4.125256,
  "compression_content": 3.9410605,
  "compression_distortion": 3.8001122,
  "content_distortion": 4.143749,
  "compression_content_distortion": 3.9720032,
  "uvq": 3.9720032,
  "filename": "vegetables_dcvcrt_640x360_q34.seedvr2.mkv",
  "timestamp": "2025-09-06 15:51:38"
}