{
  "compression": 3.7050796,
  "content": 3.9075363,
  "distortion": 3.8408458,
  "compression_content": 4.137352,
  "compression_distortion": 3.796392,
  "content_distortion": 4.027822,
  "compression_content_distortion": 4.028636,
  "uvq": 4.028636,
  "filename": "vegetables_dcvcrt_640x360_q34.starlightmini.mkv",
  "timestamp": "2025-09-06 15:37:28"
}