{
  "compression": 3.7877116,
  "content": 3.8373864,
  "distortion": 4.005221,
  "compression_content": 4.1681924,
  "compression_distortion": 3.8465915,
  "content_distortion": 3.9955802,
  "compression_content_distortion": 4.019025,
  "uvq": 4.019025,
  "filename": "vegetables_dcvcrt_640x360_q34.dove.mkv",
  "timestamp": "2025-09-06 15:45:08"
}