{
  "compression": 3.5035882,
  "content": 3.8585858,
  "distortion": 3.7782924,
  "compression_content": 3.933791,
  "compression_distortion": 3.559428,
  "content_distortion": 4.0130997,
  "compression_content_distortion": 3.8599277,
  "uvq": 3.8599277,
  "filename": "vegetables_av1_1280x720_q48.lanczos.mkv",
  "timestamp": "2025-09-06 13:31:20"
}