{
  "compression": 3.7051125,
  "content": 3.95643,
  "distortion": 4.1084127,
  "compression_content": 4.1129045,
  "compression_distortion": 3.7473874,
  "content_distortion": 4.252806,
  "compression_content_distortion": 4.0869756,
  "uvq": 4.0869756,
  "filename": "vegetables_original_1280x720_q0.rhea.mkv",
  "timestamp": "2025-09-06 14:00:52"
}