{
  "compression": 3.8572223,
  "content": 3.8958695,
  "distortion": 3.835691,
  "compression_content": 4.2403855,
  "compression_distortion": 3.5967484,
  "content_distortion": 4.069658,
  "compression_content_distortion": 3.9986293,
  "uvq": 3.9986293,
  "filename": "vegetables_original_640x360_q0.dove.mkv",
  "timestamp": "2025-09-06 14:29:47"
}