{
  "compression": 3.7497706,
  "content": 3.1226876,
  "distortion": 4.0497956,
  "compression_content": 3.6279874,
  "compression_distortion": 4.0320344,
  "content_distortion": 4.0737286,
  "compression_content_distortion": 4.0495815,
  "uvq": 4.0495815,
  "filename": "water_dcvcrt_640x360_q34.scst.mkv",
  "timestamp": "2025-09-06 14:01:37"
}