{
  "compression": 3.9506638,
  "content": 2.9477644,
  "distortion": 4.4129806,
  "compression_content": 3.7487397,
  "compression_distortion": 4.2922134,
  "content_distortion": 3.9951377,
  "compression_content_distortion": 4.0445805,
  "uvq": 4.0445805,
  "filename": "water_dcvcrt_1280x720_q42.seedvr2.mkv",
  "timestamp": "2025-09-06 14:27:09"
}