{
  "compression": 3.7630005,
  "content": 3.0827384,
  "distortion": 4.080236,
  "compression_content": 3.7155128,
  "compression_distortion": 4.1306405,
  "content_distortion": 3.9037292,
  "compression_content_distortion": 3.972735,
  "uvq": 3.972735,
  "filename": "water_original_1280x720_q0.dove.mkv",
  "timestamp": "2025-09-06 14:07:48"
}