{
  "compression": 3.7003486,
  "content": 3.0228815,
  "distortion": 3.9817414,
  "compression_content": 3.5992694,
  "compression_distortion": 3.952188,
  "content_distortion": 3.795567,
  "compression_content_distortion": 3.841373,
  "uvq": 3.841373,
  "filename": "water_av1_640x360_q54.dove.mkv",
  "timestamp": "2025-09-06 14:10:08"
}