{
  "compression": 3.7778072,
  "content": 2.9253461,
  "distortion": 3.691763,
  "compression_content": 3.6602452,
  "compression_distortion": 3.8179333,
  "content_distortion": 3.397358,
  "compression_content_distortion": 3.6219609,
  "uvq": 3.6219609,
  "filename": "water_dcvcrt_1280x720_q42.lanczos.mkv",
  "timestamp": "2025-09-06 13:47:13"
}