{
  "compression": 3.9792068,
  "content": 2.9962356,
  "distortion": 4.280697,
  "compression_content": 3.842072,
  "compression_distortion": 4.2349687,
  "content_distortion": 3.9793174,
  "compression_content_distortion": 4.093768,
  "uvq": 4.093768,
  "filename": "water_dcvcrt_1280x720_q42.dove.mkv",
  "timestamp": "2025-09-06 15:18:19"
}