{
  "compression": 3.5113387,
  "content": 2.924897,
  "distortion": 3.4245045,
  "compression_content": 3.4285665,
  "compression_distortion": 3.6071765,
  "content_distortion": 3.3780053,
  "compression_content_distortion": 3.5198314,
  "uvq": 3.5198314,
  "filename": "water_dcvcrt_640x360_q34.lanczos.mkv",
  "timestamp": "2025-09-06 15:04:20"
}