{
  "compression": 3.8291059,
  "content": 3.3367362,
  "distortion": 4.1804695,
  "compression_content": 3.8414123,
  "compression_distortion": 4.1771903,
  "content_distortion": 4.117028,
  "compression_content_distortion": 4.0505056,
  "uvq": 4.0505056,
  "filename": "water_av1_640x360_q54.rhea.mkv",
  "timestamp": "2025-09-06 14:37:58"
}