{
  "compression": 3.6775727,
  "content": 3.195386,
  "distortion": 4.113495,
  "compression_content": 3.6204553,
  "compression_distortion": 4.0900726,
  "content_distortion": 3.9295914,
  "compression_content_distortion": 3.8666904,
  "uvq": 3.8666904,
  "filename": "water_av1_1280x720_q48.scst.mkv",
  "timestamp": "2025-09-06 15:00:46"
}