{
  "compression": 3.6556733,
  "content": 3.0026093,
  "distortion": 4.007314,
  "compression_content": 3.5467823,
  "compression_distortion": 3.9559283,
  "content_distortion": 3.6447518,
  "compression_content_distortion": 3.7046578,
  "uvq": 3.7046578,
  "filename": "water_original_640x360_q0.starlightmini.mkv",
  "timestamp": "2025-09-06 15:48:22"
}