{
  "compression": 3.7188008,
  "content": 3.0138717,
  "distortion": 4.2861543,
  "compression_content": 3.5713215,
  "compression_distortion": 4.2002234,
  "content_distortion": 3.9586456,
  "compression_content_distortion": 3.988793,
  "uvq": 3.988793,
  "filename": "water_original_3840x2160_q0.source.mkv",
  "timestamp": "2025-09-06 13:54:14"
}