{
  "compression": 3.8406212,
  "content": 3.1056132,
  "distortion": 4.149246,
  "compression_content": 3.7504005,
  "compression_distortion": 4.194645,
  "content_distortion": 4.0058303,
  "compression_content_distortion": 4.032809,
  "uvq": 4.032809,
  "filename": "water_original_640x360_q0.rhea.mkv",
  "timestamp": "2025-09-06 13:58:58"
}