{
  "compression": 3.7521653,
  "content": 3.0487583,
  "distortion": 3.988414,
  "compression_content": 3.6884563,
  "compression_distortion": 4.118621,
  "content_distortion": 3.7992928,
  "compression_content_distortion": 3.9303193,
  "uvq": 3.9303193,
  "filename": "water_original_640x360_q0.dove.mkv",
  "timestamp": "2025-09-06 13:37:24"
}