{
  "compression": 3.9026268,
  "content": 3.0440147,
  "distortion": 3.9264252,
  "compression_content": 3.8159783,
  "compression_distortion": 4.0344243,
  "content_distortion": 3.8280952,
  "compression_content_distortion": 4.00607,
  "uvq": 4.00607,
  "filename": "water_dcvcrt_640x360_q34.starlightmini.mkv",
  "timestamp": "2025-09-06 13:42:12"
}