{
  "compression": 3.4689586,
  "content": 2.947377,
  "distortion": 3.6830738,
  "compression_content": 3.3764832,
  "compression_distortion": 3.6883476,
  "content_distortion": 3.433897,
  "compression_content_distortion": 3.4341855,
  "uvq": 3.4341855,
  "filename": "water_av1_1280x720_q48.lanczos.mkv",
  "timestamp": "2025-09-06 14:35:13"
}