{
  "compression": 3.8397472,
  "content": 2.9568348,
  "distortion": 4.1884527,
  "compression_content": 3.7043781,
  "compression_distortion": 4.042108,
  "content_distortion": 4.019245,
  "compression_content_distortion": 3.9856858,
  "uvq": 3.9856858,
  "filename": "water_dcvcrt_640x360_q34.seedvr2.mkv",
  "timestamp": "2025-09-06 15:30:47"
}