{
  "compression": 4.083951,
  "content": 3.0769658,
  "distortion": 4.194558,
  "compression_content": 3.8960652,
  "compression_distortion": 4.2683635,
  "content_distortion": 4.0200586,
  "compression_content_distortion": 4.177188,
  "uvq": 4.177188,
  "filename": "water_dcvcrt_640x360_q34.dove.mkv",
  "timestamp": "2025-09-06 15:00:00"
}