{
  "compression": 3.7475963,
  "content": 3.0214474,
  "distortion": 4.407691,
  "compression_content": 3.5975976,
  "compression_distortion": 4.205764,
  "content_distortion": 4.047015,
  "compression_content_distortion": 4.030235,
  "uvq": 4.030235,
  "filename": "water_original_640x360_q0.seedvr2.mkv",
  "timestamp": "2025-09-06 15:41:25"
}