{
  "compression": 3.7609353,
  "content": 3.067456,
  "distortion": 4.4416795,
  "compression_content": 3.6017983,
  "compression_distortion": 4.238521,
  "content_distortion": 4.106226,
  "compression_content_distortion": 4.0902405,
  "uvq": 4.0902405,
  "filename": "water_original_1280x720_q0.seedvr2.mkv",
  "timestamp": "2025-09-06 15:17:35"
}