{
  "compression": 3.474955,
  "content": 3.1645963,
  "distortion": 3.9018712,
  "compression_content": 3.4899986,
  "compression_distortion": 3.780283,
  "content_distortion": 3.9399734,
  "compression_content_distortion": 3.767006,
  "uvq": 3.767006,
  "filename": "water_av1_640x360_q54.scst.mkv",
  "timestamp": "2025-09-06 15:27:34"
}