{
  "compression": 3.6755981,
  "content": 3.048277,
  "distortion": 4.115111,
  "compression_content": 3.5780487,
  "compression_distortion": 4.0217094,
  "content_distortion": 3.8574848,
  "compression_content_distortion": 3.8696277,
  "uvq": 3.8696277,
  "filename": "water_av1_1280x720_q48.dove.mkv",
  "timestamp": "2025-09-06 14:02:20"
}