{
  "compression": 3.6377945,
  "content": 3.0079563,
  "distortion": 3.7872956,
  "compression_content": 3.6017547,
  "compression_distortion": 3.7734706,
  "content_distortion": 3.641404,
  "compression_content_distortion": 3.6880383,
  "uvq": 3.6880383,
  "filename": "water_av1_640x360_q54.starlightmini.mkv",
  "timestamp": "2025-09-06 13:44:32"
}