{
  "compression": 3.8464653,
  "content": 3.019558,
  "distortion": 4.092458,
  "compression_content": 3.7846704,
  "compression_distortion": 4.0462456,
  "content_distortion": 3.7673843,
  "compression_content_distortion": 3.8631759,
  "uvq": 3.8631759,
  "filename": "water_dcvcrt_1280x720_q42.starlightmini.mkv",
  "timestamp": "2025-09-06 13:34:47"
}