{
  "compression": 3.9143708,
  "content": 3.1917806,
  "distortion": 4.2289214,
  "compression_content": 3.704886,
  "compression_distortion": 4.299112,
  "content_distortion": 3.9202316,
  "compression_content_distortion": 4.02136,
  "uvq": 4.02136,
  "filename": "water_original_1280x720_q0.scst.mkv",
  "timestamp": "2025-09-06 15:05:09"
}