{
  "compression": 3.644708,
  "content": 3.0321357,
  "distortion": 4.074065,
  "compression_content": 3.5655472,
  "compression_distortion": 3.9941795,
  "content_distortion": 3.7124398,
  "compression_content_distortion": 3.7539763,
  "uvq": 3.7539763,
  "filename": "water_original_1280x720_q0.starlightmini.mkv",
  "timestamp": "2025-09-06 15:07:04"
}