{
  "compression": 3.7927635,
  "content": 3.091032,
  "distortion": 4.2298965,
  "compression_content": 3.6628425,
  "compression_distortion": 4.2044477,
  "content_distortion": 3.9517455,
  "compression_content_distortion": 3.964355,
  "uvq": 3.964355,
  "filename": "water_original_1280x720_q0.rhea.mkv",
  "timestamp": "2025-09-06 13:34:05"
}