{
  "compression": 3.720861,
  "content": 3.016889,
  "distortion": 4.2895937,
  "compression_content": 3.569879,
  "compression_distortion": 4.22005,
  "content_distortion": 3.94425,
  "compression_content_distortion": 3.9834805,
  "uvq": 3.9834805,
  "filename": "water_original_1280x720_q0.lanczos.mkv",
  "timestamp": "2025-09-06 15:26:15"
}