{
  "compression": 3.595098,
  "content": 2.9345992,
  "distortion": 3.3294501,
  "compression_content": 3.416891,
  "compression_distortion": 3.4821649,
  "content_distortion": 3.2584739,
  "compression_content_distortion": 3.368829,
  "uvq": 3.368829,
  "filename": "water_original_640x360_q0.lanczos.mkv",
  "timestamp": "2025-09-06 14:48:42"
}