{
  "compression": 4.0021787,
  "content": 3.0208983,
  "distortion": 4.220376,
  "compression_content": 3.8809822,
  "compression_distortion": 4.299005,
  "content_distortion": 4.125779,
  "compression_content_distortion": 4.1983323,
  "uvq": 4.1983323,
  "filename": "water_dcvcrt_1280x720_q42.rhea.mkv",
  "timestamp": "2025-09-06 14:39:23"
}