{
  "compression": 3.8178058,
  "content": 3.177672,
  "distortion": 4.1011953,
  "compression_content": 3.6531043,
  "compression_distortion": 4.1368666,
  "content_distortion": 3.844148,
  "compression_content_distortion": 3.907994,
  "uvq": 3.907994,
  "filename": "water_original_640x360_q0.scst.mkv",
  "timestamp": "2025-09-06 14:57:11"
}