{
  "compression": 3.6708744,
  "content": 3.0439892,
  "distortion": 4.340478,
  "compression_content": 3.5236077,
  "compression_distortion": 4.088378,
  "content_distortion": 3.9345474,
  "compression_content_distortion": 3.7783208,
  "uvq": 3.7783208,
  "filename": "water_av1_1280x720_q48.seedvr2.mkv",
  "timestamp": "2025-09-06 13:39:27"
}