{
  "compression": 3.5549798,
  "content": 3.0132756,
  "distortion": 4.0307474,
  "compression_content": 3.4754837,
  "compression_distortion": 3.8149502,
  "content_distortion": 3.7268143,
  "compression_content_distortion": 3.6214652,
  "uvq": 3.6214652,
  "filename": "water_av1_640x360_q54.seedvr2.mkv",
  "timestamp": "2025-09-06 15:20:58"
}