{
  "compression": 3.595138,
  "content": 3.0197008,
  "distortion": 3.9508967,
  "compression_content": 3.5556016,
  "compression_distortion": 3.83631,
  "content_distortion": 3.636343,
  "compression_content_distortion": 3.612847,
  "uvq": 3.612847,
  "filename": "water_av1_1280x720_q48.starlightmini.mkv",
  "timestamp": "2025-09-06 14:04:23"
}