{
  "compression": 3.9376245,
  "content": 3.1092627,
  "distortion": 4.180833,
  "compression_content": 3.753228,
  "compression_distortion": 4.266874,
  "content_distortion": 4.028262,
  "compression_content_distortion": 4.107206,
  "uvq": 4.107206,
  "filename": "water_dcvcrt_1280x720_q42.scst.mkv",
  "timestamp": "2025-09-06 13:56:50"
}