{
  "compression": 3.8804405,
  "content": 3.1985965,
  "distortion": 4.3874216,
  "compression_content": 3.7923036,
  "compression_distortion": 4.2248588,
  "content_distortion": 4.1853,
  "compression_content_distortion": 4.0618963,
  "uvq": 4.0618963,
  "filename": "water_av1_1280x720_q48.rhea.mkv",
  "timestamp": "2025-09-06 13:40:50"
}