{
  "compression": 3.9346435,
  "content": 3.1202846,
  "distortion": 4.2008886,
  "compression_content": 3.8589482,
  "compression_distortion": 4.23935,
  "content_distortion": 4.1533556,
  "compression_content_distortion": 4.2038283,
  "uvq": 4.2038283,
  "filename": "water_dcvcrt_640x360_q34.rhea.mkv",
  "timestamp": "2025-09-06 14:55:01"
}