{
  "timestamp": "2025-09-10 02:38:21",
  "distorted": "bigbuckbunny_av1_640x360_q54.rhea.mkv",
  "high quality vs low quality": 0.8402137260441921,
  "good content vs bad content": 0.8146723478932827,
  "organized composition vs chaotic composition": 0.6452134912483989,
  "vibrant color vs faded color": 0.8349856930097332,
  "contrastive lighting vs gloomy lighting": 0.7656575598577069,
  "consistent trajectory vs incoherent trajectory": 0.8788122913412157,
  "good aesthetics vs bad aesthetics": 0.8438117691831047,
  "sharp vs fuzzy": 0.8838851455467183,
  "in-focus vs out-of-focus": 0.8083186087348033,
  "noiseless vs noisy": 0.8929164403745227,
  "clear-motion vs blurry-motion": 0.6058902165160053,
  "stable vs shaky": 0.958606863943508,
  "well-exposed vs poorly-exposed": 0.8871251326577536,
  "original vs compressed": 0.8609140281448567,
  "fluent vs choppy": 0.8061932294028471,
  "clear vs severely degraded": 0.8471543003901905,
  "overall_score": 0.8233981777680525
}