{
  "timestamp": "2025-09-10 09:32:12",
  "distorted": "bigbuckbunny_av1_1280x720_q48.lanczos.mkv",
  "high quality vs low quality": 0.8430731753246243,
  "good content vs bad content": 0.8323845058250868,
  "organized composition vs chaotic composition": 0.6565415424982718,
  "vibrant color vs faded color": 0.8447320154817141,
  "contrastive lighting vs gloomy lighting": 0.7750320864888929,
  "consistent trajectory vs incoherent trajectory": 0.8838606251317662,
  "good aesthetics vs bad aesthetics": 0.8488326466018629,
  "sharp vs fuzzy": 0.8840460348676545,
  "in-focus vs out-of-focus": 0.8141043251096581,
  "noiseless vs noisy": 0.893044012580688,
  "clear-motion vs blurry-motion": 0.6166895472158422,
  "stable vs shaky": 0.9576534984202153,
  "well-exposed vs poorly-exposed": 0.8857588361181482,
  "original vs compressed": 0.8651849975939105,
  "fluent vs choppy": 0.8206783212889388,
  "clear vs severely degraded": 0.8575867604273999,
  "overall_score": 0.8299501831859172
}