{
  "timestamp": "2025-09-10 01:53:42",
  "distorted": "bigbuckbunny_original_640x360_q0.seedvr2.mkv",
  "high quality vs low quality": 0.8535010756170404,
  "good content vs bad content": 0.8410361115982972,
  "organized composition vs chaotic composition": 0.6691292481152017,
  "vibrant color vs faded color": 0.8421756048401485,
  "contrastive lighting vs gloomy lighting": 0.778721560264082,
  "consistent trajectory vs incoherent trajectory": 0.8825562629887258,
  "good aesthetics vs bad aesthetics": 0.8532142699807077,
  "sharp vs fuzzy": 0.8937159870153464,
  "in-focus vs out-of-focus": 0.829787715128633,
  "noiseless vs noisy": 0.8974334351616706,
  "clear-motion vs blurry-motion": 0.6320869629437394,
  "stable vs shaky": 0.9583395038536886,
  "well-exposed vs poorly-exposed": 0.8882680115251,
  "original vs compressed": 0.8713024900575914,
  "fluent vs choppy": 0.8193190391834537,
  "clear vs severely degraded": 0.8605311890622603,
  "overall_score": 0.8356949042084804
}