{
  "timestamp": "2025-09-10 07:13:26",
  "distorted": "bigbuckbunny_dcvcrt_1280x720_q42.scst.mkv",
  "high quality vs low quality": 0.8467122624205295,
  "good content vs bad content": 0.8261890820486549,
  "organized composition vs chaotic composition": 0.6445122700442146,
  "vibrant color vs faded color": 0.8415415924853756,
  "contrastive lighting vs gloomy lighting": 0.7757440299319438,
  "consistent trajectory vs incoherent trajectory": 0.8777618671883887,
  "good aesthetics vs bad aesthetics": 0.8437062689378819,
  "sharp vs fuzzy": 0.8853027881667794,
  "in-focus vs out-of-focus": 0.8358651202973078,
  "noiseless vs noisy": 0.8901447097621213,
  "clear-motion vs blurry-motion": 0.6453592809484655,
  "stable vs shaky": 0.9557258346593964,
  "well-exposed vs poorly-exposed": 0.8797852877145016,
  "original vs compressed": 0.8667589806864103,
  "fluent vs choppy": 0.8058749792524096,
  "clear vs severely degraded": 0.8631725046707825,
  "overall_score": 0.8302598037009477
}