{
  "timestamp": "2025-09-10 05:44:42",
  "distorted": "bigbuckbunny_original_640x360_q0.dove.mkv",
  "high quality vs low quality": 0.848940425383736,
  "good content vs bad content": 0.8365226860716702,
  "organized composition vs chaotic composition": 0.6841526469691634,
  "vibrant color vs faded color": 0.8374359816251715,
  "contrastive lighting vs gloomy lighting": 0.7775926898836966,
  "consistent trajectory vs incoherent trajectory": 0.8849671442273022,
  "good aesthetics vs bad aesthetics": 0.8548036928289472,
  "sharp vs fuzzy": 0.8954970451113987,
  "in-focus vs out-of-focus": 0.8428352829408441,
  "noiseless vs noisy": 0.9011801126944962,
  "clear-motion vs blurry-motion": 0.6763139078401024,
  "stable vs shaky": 0.9612835560304919,
  "well-exposed vs poorly-exposed": 0.8901819496954723,
  "original vs compressed": 0.8720990803249817,
  "fluent vs choppy": 0.8110617743924143,
  "clear vs severely degraded": 0.8642164053808942,
  "overall_score": 0.8399427738375489
}