{
  "timestamp": "2025-09-10 09:09:06",
  "distorted": "bigbuckbunny_av1_1280x720_q48.starlightmini.mkv",
  "high quality vs low quality": 0.8706513955958104,
  "good content vs bad content": 0.861200601795813,
  "organized composition vs chaotic composition": 0.7024046174592739,
  "vibrant color vs faded color": 0.8522198435127043,
  "contrastive lighting vs gloomy lighting": 0.7860095070554264,
  "consistent trajectory vs incoherent trajectory": 0.8963314335190735,
  "good aesthetics vs bad aesthetics": 0.8739098102491901,
  "sharp vs fuzzy": 0.9057693726623857,
  "in-focus vs out-of-focus": 0.8607216403038209,
  "noiseless vs noisy": 0.9159521821946761,
  "clear-motion vs blurry-motion": 0.7105288357039087,
  "stable vs shaky": 0.960998671544883,
  "well-exposed vs poorly-exposed": 0.8982388088350369,
  "original vs compressed": 0.8895619029530745,
  "fluent vs choppy": 0.827961018204758,
  "clear vs severely degraded": 0.8834735021992219,
  "overall_score": 0.8559958214868161
}