{
  "timestamp": "2025-09-10 01:30:39",
  "distorted": "bigbuckbunny_dcvcrt_1280x720_q42.rhea.mkv",
  "high quality vs low quality": 0.8594743850758546,
  "good content vs bad content": 0.8547923196647789,
  "organized composition vs chaotic composition": 0.7144542500699229,
  "vibrant color vs faded color": 0.8453897381777752,
  "contrastive lighting vs gloomy lighting": 0.7799343739810858,
  "consistent trajectory vs incoherent trajectory": 0.8884176222330543,
  "good aesthetics vs bad aesthetics": 0.8637367442889631,
  "sharp vs fuzzy": 0.898679235947025,
  "in-focus vs out-of-focus": 0.8447250594278424,
  "noiseless vs noisy": 0.9095187461044387,
  "clear-motion vs blurry-motion": 0.6732701954036466,
  "stable vs shaky": 0.9590154415368479,
  "well-exposed vs poorly-exposed": 0.8900942559726669,
  "original vs compressed": 0.8765688114738917,
  "fluent vs choppy": 0.8209240650480537,
  "clear vs severely degraded": 0.8770808403520146,
  "overall_score": 0.8472547552973664
}