{
  "timestamp": "2025-09-10 02:12:48",
  "distorted": "bigbuckbunny_av1_1280x720_q48.rhea.mkv",
  "high quality vs low quality": 0.8713650353224867,
  "good content vs bad content": 0.858129213097786,
  "organized composition vs chaotic composition": 0.7094596355100244,
  "vibrant color vs faded color": 0.8495706653132311,
  "contrastive lighting vs gloomy lighting": 0.7800613243794343,
  "consistent trajectory vs incoherent trajectory": 0.8952623683354299,
  "good aesthetics vs bad aesthetics": 0.871719764679001,
  "sharp vs fuzzy": 0.9041249736579454,
  "in-focus vs out-of-focus": 0.852959631803427,
  "noiseless vs noisy": 0.9101987658709785,
  "clear-motion vs blurry-motion": 0.7018515898215676,
  "stable vs shaky": 0.9616514469027094,
  "well-exposed vs poorly-exposed": 0.8945424215786503,
  "original vs compressed": 0.8893001336148789,
  "fluent vs choppy": 0.8265524712886784,
  "clear vs severely degraded": 0.8849444211451868,
  "overall_score": 0.8538558663950886
}