{
  "timestamp": "2025-09-10 04:14:36",
  "distorted": "bigbuckbunny_av1_640x360_q54.seedvr2.mkv",
  "high quality vs low quality": 0.8429721909544288,
  "good content vs bad content": 0.8362244071768962,
  "organized composition vs chaotic composition": 0.6659053186964853,
  "vibrant color vs faded color": 0.8367886500263936,
  "contrastive lighting vs gloomy lighting": 0.7730065028434174,
  "consistent trajectory vs incoherent trajectory": 0.8841868125086593,
  "good aesthetics vs bad aesthetics": 0.8454448132857028,
  "sharp vs fuzzy": 0.8788632497459479,
  "in-focus vs out-of-focus": 0.8185966765413196,
  "noiseless vs noisy": 0.8874000493398526,
  "clear-motion vs blurry-motion": 0.5822165257434486,
  "stable vs shaky": 0.9605206724679518,
  "well-exposed vs poorly-exposed": 0.8829795618381937,
  "original vs compressed": 0.8553310269749974,
  "fluent vs choppy": 0.817516962096345,
  "clear vs severely degraded": 0.8423249185259827,
  "overall_score": 0.8256423961728764
}