{
  "timestamp": "2025-09-10 03:26:34",
  "distorted": "bigbuckbunny_dcvcrt_1280x720_q42.dove.mkv",
  "high quality vs low quality": 0.8580350866718612,
  "good content vs bad content": 0.8488934427148915,
  "organized composition vs chaotic composition": 0.6841968396473523,
  "vibrant color vs faded color": 0.8470355317015286,
  "contrastive lighting vs gloomy lighting": 0.7832425119445169,
  "consistent trajectory vs incoherent trajectory": 0.8937176744974651,
  "good aesthetics vs bad aesthetics": 0.8604802307928103,
  "sharp vs fuzzy": 0.8960141870328594,
  "in-focus vs out-of-focus": 0.8432351264036074,
  "noiseless vs noisy": 0.9060931761135975,
  "clear-motion vs blurry-motion": 0.6538502049283618,
  "stable vs shaky": 0.9607829990907872,
  "well-exposed vs poorly-exposed": 0.8895234853804057,
  "original vs compressed": 0.8760085741772728,
  "fluent vs choppy": 0.827812347343786,
  "clear vs severely degraded": 0.8742224971136279,
  "overall_score": 0.8439464947221708
}