{
  "timestamp": "2025-09-10 08:24:38",
  "distorted": "daydreamer_av1_640x360_q54.rhea.mkv",
  "high quality vs low quality": 0.5785900341858318,
  "good content vs bad content": 0.5004857713232722,
  "organized composition vs chaotic composition": 0.26532700350975463,
  "vibrant color vs faded color": 0.6299360920130692,
  "contrastive lighting vs gloomy lighting": 0.604198198976436,
  "consistent trajectory vs incoherent trajectory": 0.6969437456697368,
  "good aesthetics vs bad aesthetics": 0.5509375779588094,
  "sharp vs fuzzy": 0.7636800580059794,
  "in-focus vs out-of-focus": 0.6751781324478668,
  "noiseless vs noisy": 0.7681270992510149,
  "clear-motion vs blurry-motion": 0.314222766930831,
  "stable vs shaky": 0.9343122084353076,
  "well-exposed vs poorly-exposed": 0.7554566942189823,
  "original vs compressed": 0.7591478042370285,
  "fluent vs choppy": 0.6583749200729228,
  "clear vs severely degraded": 0.5699709995169878,
  "overall_score": 0.6265555691721144
}