{
  "timestamp": "2025-09-10 04:05:01",
  "distorted": "daydreamer_dcvcrt_640x360_q34.dove.mkv",
  "high quality vs low quality": 0.6382229031553519,
  "good content vs bad content": 0.5685454907914111,
  "organized composition vs chaotic composition": 0.3403639278722571,
  "vibrant color vs faded color": 0.6654913153285859,
  "contrastive lighting vs gloomy lighting": 0.6506126347946886,
  "consistent trajectory vs incoherent trajectory": 0.7586586558495244,
  "good aesthetics vs bad aesthetics": 0.6089886481789494,
  "sharp vs fuzzy": 0.8015199603476684,
  "in-focus vs out-of-focus": 0.7210506324922168,
  "noiseless vs noisy": 0.7909685397711071,
  "clear-motion vs blurry-motion": 0.3523019907541949,
  "stable vs shaky": 0.9384622235267785,
  "well-exposed vs poorly-exposed": 0.7957106253305593,
  "original vs compressed": 0.77015759275193,
  "fluent vs choppy": 0.7067538474266336,
  "clear vs severely degraded": 0.6359827968494379,
  "overall_score": 0.671486986576331
}