{
  "timestamp": "2025-09-10 03:01:29",
  "distorted": "daydreamer_original_1280x720_q0.starlightmini.mkv",
  "high quality vs low quality": 0.684816182687196,
  "good content vs bad content": 0.6450948676160155,
  "organized composition vs chaotic composition": 0.41892946771130407,
  "vibrant color vs faded color": 0.6959046391701248,
  "contrastive lighting vs gloomy lighting": 0.6730734641819837,
  "consistent trajectory vs incoherent trajectory": 0.787529170701609,
  "good aesthetics vs bad aesthetics": 0.6589095817286316,
  "sharp vs fuzzy": 0.792507196100545,
  "in-focus vs out-of-focus": 0.7182781731300102,
  "noiseless vs noisy": 0.7876563230525601,
  "clear-motion vs blurry-motion": 0.37633666939195126,
  "stable vs shaky": 0.9388875359162819,
  "well-exposed vs poorly-exposed": 0.784990832408218,
  "original vs compressed": 0.768946799395535,
  "fluent vs choppy": 0.7642106691109872,
  "clear vs severely degraded": 0.6604173137948685,
  "overall_score": 0.6972805553811138
}