{
  "timestamp": "2025-09-10 02:20:41",
  "distorted": "daydreamer_av1_1280x720_q48.lanczos.mkv",
  "high quality vs low quality": 0.664625517349667,
  "good content vs bad content": 0.6032956247660977,
  "organized composition vs chaotic composition": 0.3996638033755153,
  "vibrant color vs faded color": 0.6755786639426531,
  "contrastive lighting vs gloomy lighting": 0.6361087509033964,
  "consistent trajectory vs incoherent trajectory": 0.7866214742505002,
  "good aesthetics vs bad aesthetics": 0.6400874824598275,
  "sharp vs fuzzy": 0.7634183274534502,
  "in-focus vs out-of-focus": 0.7005729197432256,
  "noiseless vs noisy": 0.7953521856255581,
  "clear-motion vs blurry-motion": 0.3909071250092251,
  "stable vs shaky": 0.9476586062048797,
  "well-exposed vs poorly-exposed": 0.7980085930856116,
  "original vs compressed": 0.7408720771149228,
  "fluent vs choppy": 0.7169936719070573,
  "clear vs severely degraded": 0.6422895839460017,
  "overall_score": 0.6813784004460992
}