{
  "timestamp": "2025-09-10 05:02:26",
  "distorted": "daydreamer_original_1280x720_q0.lanczos.mkv",
  "high quality vs low quality": 0.36965210993176706,
  "good content vs bad content": 0.2750904900677632,
  "organized composition vs chaotic composition": 0.16560238210956998,
  "vibrant color vs faded color": 0.4312691726849282,
  "contrastive lighting vs gloomy lighting": 0.4672959346844485,
  "consistent trajectory vs incoherent trajectory": 0.6425294851814181,
  "good aesthetics vs bad aesthetics": 0.3385752154292649,
  "sharp vs fuzzy": 0.538024360179527,
  "in-focus vs out-of-focus": 0.4995288083808849,
  "noiseless vs noisy": 0.4988971045008925,
  "clear-motion vs blurry-motion": 0.2079107498535899,
  "stable vs shaky": 0.9263032205989503,
  "well-exposed vs poorly-exposed": 0.6078319593186978,
  "original vs compressed": 0.5146997194300617,
  "fluent vs choppy": 0.47313255899584644,
  "clear vs severely degraded": 0.3510556220841369,
  "overall_score": 0.4567124308394842
}