{
  "timestamp": "2025-09-10 01:32:45",
  "distorted": "daydreamer_original_1280x720_q0.seedvr2.mkv",
  "high quality vs low quality": 0.464417977740349,
  "good content vs bad content": 0.3782242514009934,
  "organized composition vs chaotic composition": 0.23081088172810066,
  "vibrant color vs faded color": 0.5532827514527783,
  "contrastive lighting vs gloomy lighting": 0.53923304734126,
  "consistent trajectory vs incoherent trajectory": 0.6344279457613666,
  "good aesthetics vs bad aesthetics": 0.42508001217634045,
  "sharp vs fuzzy": 0.6821116447974752,
  "in-focus vs out-of-focus": 0.5917534524363822,
  "noiseless vs noisy": 0.6483122180093952,
  "clear-motion vs blurry-motion": 0.24527810962954796,
  "stable vs shaky": 0.917269643392318,
  "well-exposed vs poorly-exposed": 0.6589122319074026,
  "original vs compressed": 0.6290758609381286,
  "fluent vs choppy": 0.4068759976616539,
  "clear vs severely degraded": 0.42253694314659246,
  "overall_score": 0.5267251855950054
}