{
  "timestamp": "2025-09-10 09:19:08",
  "distorted": "daydreamer_original_640x360_q0.scst.mkv",
  "high quality vs low quality": 0.640539168391213,
  "good content vs bad content": 0.6064651333190441,
  "organized composition vs chaotic composition": 0.3745140435076301,
  "vibrant color vs faded color": 0.6470643246531198,
  "contrastive lighting vs gloomy lighting": 0.6153130288116642,
  "consistent trajectory vs incoherent trajectory": 0.7642716732715598,
  "good aesthetics vs bad aesthetics": 0.6284232047243438,
  "sharp vs fuzzy": 0.7676839988431766,
  "in-focus vs out-of-focus": 0.7365103613128633,
  "noiseless vs noisy": 0.7702382395150985,
  "clear-motion vs blurry-motion": 0.39050366978476553,
  "stable vs shaky": 0.9320143863042534,
  "well-exposed vs poorly-exposed": 0.7495732271556229,
  "original vs compressed": 0.7391951703566749,
  "fluent vs choppy": 0.7423652694186799,
  "clear vs severely degraded": 0.6377573558797899,
  "overall_score": 0.6714020159530938
}