{
  "timestamp": "2025-09-10 02:17:04",
  "distorted": "daydreamer_original_640x360_q0.lanczos.mkv",
  "high quality vs low quality": 0.24075786059698784,
  "good content vs bad content": 0.15954931739872608,
  "organized composition vs chaotic composition": 0.10107434961048525,
  "vibrant color vs faded color": 0.31737700122660883,
  "contrastive lighting vs gloomy lighting": 0.3407032608728726,
  "consistent trajectory vs incoherent trajectory": 0.4961890359860516,
  "good aesthetics vs bad aesthetics": 0.24079184157251748,
  "sharp vs fuzzy": 0.42232977012013845,
  "in-focus vs out-of-focus": 0.399634067973015,
  "noiseless vs noisy": 0.38729996582933707,
  "clear-motion vs blurry-motion": 0.13259999782277002,
  "stable vs shaky": 0.8830964318168452,
  "well-exposed vs poorly-exposed": 0.49775233427688625,
  "original vs compressed": 0.3746190687155371,
  "fluent vs choppy": 0.29581349453281663,
  "clear vs severely degraded": 0.21221086301706116,
  "overall_score": 0.34386241633554104
}