{
  "timestamp": "2025-09-10 03:53:41",
  "distorted": "giftmord_av1_640x360_q54.scst.mkv",
  "high quality vs low quality": 0.758288599308549,
  "good content vs bad content": 0.7213045037789102,
  "organized composition vs chaotic composition": 0.389858661118143,
  "vibrant color vs faded color": 0.8030603167078816,
  "contrastive lighting vs gloomy lighting": 0.7440558968744384,
  "consistent trajectory vs incoherent trajectory": 0.7787816863593133,
  "good aesthetics vs bad aesthetics": 0.7367315058526912,
  "sharp vs fuzzy": 0.8552593470501829,
  "in-focus vs out-of-focus": 0.7830933493202216,
  "noiseless vs noisy": 0.8517379461671839,
  "clear-motion vs blurry-motion": 0.3973323777318902,
  "stable vs shaky": 0.9285280192206636,
  "well-exposed vs poorly-exposed": 0.8539037682460743,
  "original vs compressed": 0.8234528105595308,
  "fluent vs choppy": 0.8089198904951135,
  "clear vs severely degraded": 0.7630685120224818,
  "overall_score": 0.7498360744258292
}