{
  "timestamp": "2025-09-10 08:59:45",
  "distorted": "giftmord_av1_640x360_q54.rhea.mkv",
  "high quality vs low quality": 0.8073981475885567,
  "good content vs bad content": 0.7874970447290813,
  "organized composition vs chaotic composition": 0.49731544554089746,
  "vibrant color vs faded color": 0.8150650928490768,
  "contrastive lighting vs gloomy lighting": 0.7464662582905592,
  "consistent trajectory vs incoherent trajectory": 0.8221658796127647,
  "good aesthetics vs bad aesthetics": 0.7978792336237036,
  "sharp vs fuzzy": 0.8717520850999683,
  "in-focus vs out-of-focus": 0.8060224977021625,
  "noiseless vs noisy": 0.8762427437230625,
  "clear-motion vs blurry-motion": 0.4764053058258738,
  "stable vs shaky": 0.9397913181478321,
  "well-exposed vs poorly-exposed": 0.8692865707156202,
  "original vs compressed": 0.8506974216984468,
  "fluent vs choppy": 0.8039308404749992,
  "clear vs severely degraded": 0.8046535888293688,
  "overall_score": 0.7857855921532483
}