{
  "timestamp": "2025-09-10 09:40:24",
  "distorted": "giftmord_dcvcrt_1280x720_q42.scst.mkv",
  "high quality vs low quality": 0.7475692773744264,
  "good content vs bad content": 0.6868101781773529,
  "organized composition vs chaotic composition": 0.3686210267948779,
  "vibrant color vs faded color": 0.8000336509958327,
  "contrastive lighting vs gloomy lighting": 0.7362895509214175,
  "consistent trajectory vs incoherent trajectory": 0.7610252576470007,
  "good aesthetics vs bad aesthetics": 0.712603422733194,
  "sharp vs fuzzy": 0.8584931494553069,
  "in-focus vs out-of-focus": 0.7844611461863483,
  "noiseless vs noisy": 0.8610971648435973,
  "clear-motion vs blurry-motion": 0.3888366553244784,
  "stable vs shaky": 0.9273610309636735,
  "well-exposed vs poorly-exposed": 0.856054971370456,
  "original vs compressed": 0.8318174297619959,
  "fluent vs choppy": 0.7837775744792527,
  "clear vs severely degraded": 0.7431196351246591,
  "overall_score": 0.7404981951346169
}