{
  "timestamp": "2025-09-10 06:47:32",
  "distorted": "giftmord_av1_1280x720_q48.rhea.mkv",
  "high quality vs low quality": 0.8090141801882762,
  "good content vs bad content": 0.7942331283606149,
  "organized composition vs chaotic composition": 0.5287821498475906,
  "vibrant color vs faded color": 0.8210569477040883,
  "contrastive lighting vs gloomy lighting": 0.7500922550145923,
  "consistent trajectory vs incoherent trajectory": 0.8341183087106024,
  "good aesthetics vs bad aesthetics": 0.8049969786066287,
  "sharp vs fuzzy": 0.8741510529053239,
  "in-focus vs out-of-focus": 0.7981602285931759,
  "noiseless vs noisy": 0.8873801256128121,
  "clear-motion vs blurry-motion": 0.4969261668314377,
  "stable vs shaky": 0.9422168828180791,
  "well-exposed vs poorly-exposed": 0.8760230897467476,
  "original vs compressed": 0.8537783120991234,
  "fluent vs choppy": 0.8076930887553803,
  "clear vs severely degraded": 0.8167349072023549,
  "overall_score": 0.7934598626873016
}