{
  "timestamp": "2025-09-10 06:11:01",
  "distorted": "giftmord_original_1280x720_q0.rhea.mkv",
  "high quality vs low quality": 0.8062840799768766,
  "good content vs bad content": 0.7822204799159584,
  "organized composition vs chaotic composition": 0.49045457934441106,
  "vibrant color vs faded color": 0.8235514471803309,
  "contrastive lighting vs gloomy lighting": 0.7609530648895423,
  "consistent trajectory vs incoherent trajectory": 0.8406153153089803,
  "good aesthetics vs bad aesthetics": 0.7934872620300248,
  "sharp vs fuzzy": 0.8644360771832622,
  "in-focus vs out-of-focus": 0.7917032056808214,
  "noiseless vs noisy": 0.8816532430998354,
  "clear-motion vs blurry-motion": 0.4695061653422973,
  "stable vs shaky": 0.9465754598792704,
  "well-exposed vs poorly-exposed": 0.8806039220736801,
  "original vs compressed": 0.8289705677422206,
  "fluent vs choppy": 0.8073104417250205,
  "clear vs severely degraded": 0.8088984075973884,
  "overall_score": 0.7860764824356201
}