{
  "timestamp": "2025-09-10 06:55:30",
  "distorted": "giftmord_av1_1280x720_q48.lanczos.mkv",
  "high quality vs low quality": 0.7752803278652614,
  "good content vs bad content": 0.7653092480288517,
  "organized composition vs chaotic composition": 0.45688118740126105,
  "vibrant color vs faded color": 0.8120228097460931,
  "contrastive lighting vs gloomy lighting": 0.7487257206241403,
  "consistent trajectory vs incoherent trajectory": 0.8103343598924605,
  "good aesthetics vs bad aesthetics": 0.7775039222095119,
  "sharp vs fuzzy": 0.8398194925718505,
  "in-focus vs out-of-focus": 0.7588337307938801,
  "noiseless vs noisy": 0.8615234478760205,
  "clear-motion vs blurry-motion": 0.427389473293419,
  "stable vs shaky": 0.9383172055187132,
  "well-exposed vs poorly-exposed": 0.8542258284158863,
  "original vs compressed": 0.8155698332088874,
  "fluent vs choppy": 0.7987523914222788,
  "clear vs severely degraded": 0.772448625725854,
  "overall_score": 0.763308600287148
}