{
  "timestamp": "2025-09-10 08:35:34",
  "distorted": "giftmord_av1_640x360_q54.dove.mkv",
  "high quality vs low quality": 0.7792845239180982,
  "good content vs bad content": 0.7556346017132135,
  "organized composition vs chaotic composition": 0.4264731001761272,
  "vibrant color vs faded color": 0.8006268659423268,
  "contrastive lighting vs gloomy lighting": 0.7464225138140046,
  "consistent trajectory vs incoherent trajectory": 0.827882550793357,
  "good aesthetics vs bad aesthetics": 0.7658166133987584,
  "sharp vs fuzzy": 0.8634920632094468,
  "in-focus vs out-of-focus": 0.7881873540134512,
  "noiseless vs noisy": 0.8803271050496948,
  "clear-motion vs blurry-motion": 0.4450616522058375,
  "stable vs shaky": 0.9427187909972914,
  "well-exposed vs poorly-exposed": 0.8613892462853816,
  "original vs compressed": 0.8438877617381267,
  "fluent vs choppy": 0.788623623191228,
  "clear vs severely degraded": 0.7864117142808328,
  "overall_score": 0.7688900050454486
}