{
  "timestamp": "2025-09-10 04:38:25",
  "distorted": "giftmord_dcvcrt_1280x720_q42.dove.mkv",
  "high quality vs low quality": 0.8282499949160459,
  "good content vs bad content": 0.8068189473450248,
  "organized composition vs chaotic composition": 0.5334424030924111,
  "vibrant color vs faded color": 0.8282952980181658,
  "contrastive lighting vs gloomy lighting": 0.7687601556029847,
  "consistent trajectory vs incoherent trajectory": 0.8597880795817613,
  "good aesthetics vs bad aesthetics": 0.8145555773335552,
  "sharp vs fuzzy": 0.8848226075715002,
  "in-focus vs out-of-focus": 0.8232035173901033,
  "noiseless vs noisy": 0.8960886029452644,
  "clear-motion vs blurry-motion": 0.5220318594839815,
  "stable vs shaky": 0.9524455485978894,
  "well-exposed vs poorly-exposed": 0.8843117144561706,
  "original vs compressed": 0.8631246561231659,
  "fluent vs choppy": 0.8228152530595663,
  "clear vs severely degraded": 0.8350548833853203,
  "overall_score": 0.8077380686814319
}