{
  "timestamp": "2025-09-10 02:46:55",
  "distorted": "giftmord_dcvcrt_640x360_q34.scst.mkv",
  "high quality vs low quality": 0.7266216086975528,
  "good content vs bad content": 0.66033805288181,
  "organized composition vs chaotic composition": 0.3324500312060911,
  "vibrant color vs faded color": 0.7897065861311069,
  "contrastive lighting vs gloomy lighting": 0.7264834903842253,
  "consistent trajectory vs incoherent trajectory": 0.7101769735741101,
  "good aesthetics vs bad aesthetics": 0.6982662229299308,
  "sharp vs fuzzy": 0.8587713584331542,
  "in-focus vs out-of-focus": 0.7821759970440024,
  "noiseless vs noisy": 0.8633522732773092,
  "clear-motion vs blurry-motion": 0.4038535120024867,
  "stable vs shaky": 0.9168443195012549,
  "well-exposed vs poorly-exposed": 0.8397276167409194,
  "original vs compressed": 0.8245852396456994,
  "fluent vs choppy": 0.7289741533618881,
  "clear vs severely degraded": 0.727499019691078,
  "overall_score": 0.7243641534689136
}