{
  "timestamp": "2025-09-10 09:35:03",
  "distorted": "giftmord_original_640x360_q0.starlightmini.mkv",
  "high quality vs low quality": 0.7994572874907414,
  "good content vs bad content": 0.77515678584903,
  "organized composition vs chaotic composition": 0.4861735724094579,
  "vibrant color vs faded color": 0.8265898769595534,
  "contrastive lighting vs gloomy lighting": 0.7583159152988986,
  "consistent trajectory vs incoherent trajectory": 0.8226363911255264,
  "good aesthetics vs bad aesthetics": 0.77900102366383,
  "sharp vs fuzzy": 0.8706896994522917,
  "in-focus vs out-of-focus": 0.7928691136310786,
  "noiseless vs noisy": 0.8803536867419366,
  "clear-motion vs blurry-motion": 0.455770023303863,
  "stable vs shaky": 0.9411104500771693,
  "well-exposed vs poorly-exposed": 0.8726557527035643,
  "original vs compressed": 0.8520350598352492,
  "fluent vs choppy": 0.8076459247665695,
  "clear vs severely degraded": 0.7989570378294556,
  "overall_score": 0.7824636000711385
}