{
  "timestamp": "2025-09-10 03:37:24",
  "distorted": "sparks15_original_1280x720_q0.scst.mkv",
  "high quality vs low quality": 0.6722742851762362,
  "good content vs bad content": 0.61362931089844,
  "organized composition vs chaotic composition": 0.3194687393437106,
  "vibrant color vs faded color": 0.7063828243133342,
  "contrastive lighting vs gloomy lighting": 0.6926867468385175,
  "consistent trajectory vs incoherent trajectory": 0.7411327577582282,
  "good aesthetics vs bad aesthetics": 0.6244159114508908,
  "sharp vs fuzzy": 0.8069627489718553,
  "in-focus vs out-of-focus": 0.774559160844674,
  "noiseless vs noisy": 0.7816525451348048,
  "clear-motion vs blurry-motion": 0.3571906102543616,
  "stable vs shaky": 0.9301589006353742,
  "well-exposed vs poorly-exposed": 0.7938669260202018,
  "original vs compressed": 0.7620924023683588,
  "fluent vs choppy": 0.7421021028198146,
  "clear vs severely degraded": 0.6699161853524952,
  "overall_score": 0.686780759886331
}