{
  "timestamp": "2025-09-10 05:40:17",
  "distorted": "sparks15_original_640x360_q0.rhea.mkv",
  "high quality vs low quality": 0.7558364499161272,
  "good content vs bad content": 0.7136772829524036,
  "organized composition vs chaotic composition": 0.36105963035720057,
  "vibrant color vs faded color": 0.7506322790930942,
  "contrastive lighting vs gloomy lighting": 0.7219759526079861,
  "consistent trajectory vs incoherent trajectory": 0.77572931060388,
  "good aesthetics vs bad aesthetics": 0.7191789900293248,
  "sharp vs fuzzy": 0.8636112210760186,
  "in-focus vs out-of-focus": 0.8195681733113652,
  "noiseless vs noisy": 0.8713843293641175,
  "clear-motion vs blurry-motion": 0.4614108443179759,
  "stable vs shaky": 0.9352499772073288,
  "well-exposed vs poorly-exposed": 0.8209299815150691,
  "original vs compressed": 0.8398704779436132,
  "fluent vs choppy": 0.7644646279108626,
  "clear vs severely degraded": 0.7734723843337695,
  "overall_score": 0.7467532445337586
}