{
  "timestamp": "2025-09-10 08:33:32",
  "distorted": "sparks15_av1_1280x720_q48.scst.mkv",
  "high quality vs low quality": 0.7134364712104474,
  "good content vs bad content": 0.6763672309996938,
  "organized composition vs chaotic composition": 0.3432831974386678,
  "vibrant color vs faded color": 0.7343845759824312,
  "contrastive lighting vs gloomy lighting": 0.7090505063948596,
  "consistent trajectory vs incoherent trajectory": 0.7555212763856426,
  "good aesthetics vs bad aesthetics": 0.678382709073402,
  "sharp vs fuzzy": 0.8211986242596157,
  "in-focus vs out-of-focus": 0.7698452853882175,
  "noiseless vs noisy": 0.817004410424771,
  "clear-motion vs blurry-motion": 0.3759841054029917,
  "stable vs shaky": 0.9258876574790534,
  "well-exposed vs poorly-exposed": 0.7986808425862143,
  "original vs compressed": 0.7794298898086024,
  "fluent vs choppy": 0.7479974074187415,
  "clear vs severely degraded": 0.7055001727471213,
  "overall_score": 0.7094971476875296
}