{
  "timestamp": "2025-09-10 03:06:23",
  "distorted": "sparks15_original_3840x2160_q0.source.mkv",
  "high quality vs low quality": 0.6420891151102147,
  "good content vs bad content": 0.5496551467671374,
  "organized composition vs chaotic composition": 0.25304353490833453,
  "vibrant color vs faded color": 0.6972653736989808,
  "contrastive lighting vs gloomy lighting": 0.6674673064221754,
  "consistent trajectory vs incoherent trajectory": 0.6396683074516207,
  "good aesthetics vs bad aesthetics": 0.5792718240316954,
  "sharp vs fuzzy": 0.8337680113756887,
  "in-focus vs out-of-focus": 0.7630683604237963,
  "noiseless vs noisy": 0.8143489716769906,
  "clear-motion vs blurry-motion": 0.3478560328958889,
  "stable vs shaky": 0.8974886563790225,
  "well-exposed vs poorly-exposed": 0.7752007744954911,
  "original vs compressed": 0.7822366927247599,
  "fluent vs choppy": 0.515907554873516,
  "clear vs severely degraded": 0.6395650816426791,
  "overall_score": 0.6498687965548746
}