{
  "timestamp": "2025-09-10 04:18:52",
  "distorted": "sparks15_original_640x360_q0.lanczos.mkv",
  "high quality vs low quality": 0.6406426230910346,
  "good content vs bad content": 0.5846784983237867,
  "organized composition vs chaotic composition": 0.2525989604376856,
  "vibrant color vs faded color": 0.7426285824771727,
  "contrastive lighting vs gloomy lighting": 0.6878943908736759,
  "consistent trajectory vs incoherent trajectory": 0.6343959147211156,
  "good aesthetics vs bad aesthetics": 0.6256611267096672,
  "sharp vs fuzzy": 0.7869212706728722,
  "in-focus vs out-of-focus": 0.7173727700236521,
  "noiseless vs noisy": 0.7815044323295044,
  "clear-motion vs blurry-motion": 0.29939377142491047,
  "stable vs shaky": 0.8870979883057043,
  "well-exposed vs poorly-exposed": 0.7707655909953325,
  "original vs compressed": 0.7550568555580821,
  "fluent vs choppy": 0.5648368878313209,
  "clear vs severely degraded": 0.6057267466291857,
  "overall_score": 0.6460735256502941
}