{
  "timestamp": "2025-09-10 09:11:06",
  "distorted": "sparks15_av1_640x360_q54.rhea.mkv",
  "high quality vs low quality": 0.6174218802799305,
  "good content vs bad content": 0.5785407449786243,
  "organized composition vs chaotic composition": 0.29966770654822256,
  "vibrant color vs faded color": 0.6394186869169608,
  "contrastive lighting vs gloomy lighting": 0.6322843095865224,
  "consistent trajectory vs incoherent trajectory": 0.6986957908610911,
  "good aesthetics vs bad aesthetics": 0.6043435629685612,
  "sharp vs fuzzy": 0.7887842877099188,
  "in-focus vs out-of-focus": 0.7175108528030469,
  "noiseless vs noisy": 0.8246160018871461,
  "clear-motion vs blurry-motion": 0.34782997212906874,
  "stable vs shaky": 0.9248527096522627,
  "well-exposed vs poorly-exposed": 0.7811996851242099,
  "original vs compressed": 0.7959396646784358,
  "fluent vs choppy": 0.6508339764101715,
  "clear vs severely degraded": 0.6164621656931433,
  "overall_score": 0.6574001248892073
}