{
  "timestamp": "2025-09-10 04:48:36",
  "distorted": "sparks15_av1_1280x720_q48.rhea.mkv",
  "high quality vs low quality": 0.813339827657864,
  "good content vs bad content": 0.7928984776877622,
  "organized composition vs chaotic composition": 0.5672479229867569,
  "vibrant color vs faded color": 0.7891390017051383,
  "contrastive lighting vs gloomy lighting": 0.7576512568029327,
  "consistent trajectory vs incoherent trajectory": 0.8355650687315632,
  "good aesthetics vs bad aesthetics": 0.8041213995279914,
  "sharp vs fuzzy": 0.8782861599203571,
  "in-focus vs out-of-focus": 0.8305372409407502,
  "noiseless vs noisy": 0.881374022657995,
  "clear-motion vs blurry-motion": 0.5457230390091122,
  "stable vs shaky": 0.9496529228154328,
  "well-exposed vs poorly-exposed": 0.8660959088442262,
  "original vs compressed": 0.8522685432248984,
  "fluent vs choppy": 0.794977517204089,
  "clear vs severely degraded": 0.8143441316627926,
  "overall_score": 0.7983264025862289
}