{
  "timestamp": "2025-09-10 08:03:11",
  "distorted": "sparks15_dcvcrt_1280x720_q42.lanczos.mkv",
  "high quality vs low quality": 0.8380060559073047,
  "good content vs bad content": 0.8081715390253006,
  "organized composition vs chaotic composition": 0.5881645784078949,
  "vibrant color vs faded color": 0.8139751550485889,
  "contrastive lighting vs gloomy lighting": 0.7677351824672182,
  "consistent trajectory vs incoherent trajectory": 0.8566015589494346,
  "good aesthetics vs bad aesthetics": 0.8212607266078148,
  "sharp vs fuzzy": 0.8799462362940536,
  "in-focus vs out-of-focus": 0.8363651141335579,
  "noiseless vs noisy": 0.8930120576664731,
  "clear-motion vs blurry-motion": 0.5980015959828118,
  "stable vs shaky": 0.9502428584264158,
  "well-exposed vs poorly-exposed": 0.8759643685147174,
  "original vs compressed": 0.851920785075402,
  "fluent vs choppy": 0.8022313624229148,
  "clear vs severely degraded": 0.8439436030829394,
  "overall_score": 0.8140964236258026
}