{
  "timestamp": "2025-09-10 01:43:47",
  "distorted": "sparks15_dcvcrt_1280x720_q42.dove.mkv",
  "high quality vs low quality": 0.8008705460404699,
  "good content vs bad content": 0.7665945497104523,
  "organized composition vs chaotic composition": 0.4852952442103161,
  "vibrant color vs faded color": 0.8007158597221792,
  "contrastive lighting vs gloomy lighting": 0.7523898648699809,
  "consistent trajectory vs incoherent trajectory": 0.8127754274651786,
  "good aesthetics vs bad aesthetics": 0.7750401111824015,
  "sharp vs fuzzy": 0.8805269979829431,
  "in-focus vs out-of-focus": 0.8301194396555872,
  "noiseless vs noisy": 0.8862896190451889,
  "clear-motion vs blurry-motion": 0.5092167700320774,
  "stable vs shaky": 0.9404388115671533,
  "well-exposed vs poorly-exposed": 0.8561803630456986,
  "original vs compressed": 0.8533445356312418,
  "fluent vs choppy": 0.7724635825930651,
  "clear vs severely degraded": 0.7998043337287467,
  "overall_score": 0.7826291285301675
}