{
  "timestamp": "2025-09-10 06:04:31",
  "distorted": "vegetables_dcvcrt_1280x720_q42.seedvr2.mkv",
  "high quality vs low quality": 0.8108141897292706,
  "good content vs bad content": 0.7831157747050888,
  "organized composition vs chaotic composition": 0.6281563889439301,
  "vibrant color vs faded color": 0.8182354188371253,
  "contrastive lighting vs gloomy lighting": 0.7620694589884811,
  "consistent trajectory vs incoherent trajectory": 0.8675325091758829,
  "good aesthetics vs bad aesthetics": 0.7942739258644684,
  "sharp vs fuzzy": 0.8471859938714764,
  "in-focus vs out-of-focus": 0.7586425813690086,
  "noiseless vs noisy": 0.8563627078994323,
  "clear-motion vs blurry-motion": 0.4939884582178023,
  "stable vs shaky": 0.9562504171409699,
  "well-exposed vs poorly-exposed": 0.8667000676185225,
  "original vs compressed": 0.8114402425721583,
  "fluent vs choppy": 0.8135200641379666,
  "clear vs severely degraded": 0.8028104173458608,
  "overall_score": 0.7919436635260902
}