{
  "timestamp": "2025-09-10 04:11:59",
  "distorted": "vegetables_dcvcrt_1280x720_q42.scst.mkv",
  "high quality vs low quality": 0.7362629501508176,
  "good content vs bad content": 0.6877142080347182,
  "organized composition vs chaotic composition": 0.4536574978947525,
  "vibrant color vs faded color": 0.7453715887454275,
  "contrastive lighting vs gloomy lighting": 0.722138110812344,
  "consistent trajectory vs incoherent trajectory": 0.8422075870920606,
  "good aesthetics vs bad aesthetics": 0.7140198670366383,
  "sharp vs fuzzy": 0.8085542040944155,
  "in-focus vs out-of-focus": 0.7219129153717265,
  "noiseless vs noisy": 0.8361383240812592,
  "clear-motion vs blurry-motion": 0.40360554766284634,
  "stable vs shaky": 0.9513043023207967,
  "well-exposed vs poorly-exposed": 0.8141307058726011,
  "original vs compressed": 0.7799648639998623,
  "fluent vs choppy": 0.8078771003374215,
  "clear vs severely degraded": 0.7368514631939329,
  "overall_score": 0.7351069522938513
}