{
  "timestamp": "2025-09-10 05:48:25",
  "distorted": "vegetables_dcvcrt_640x360_q34.lanczos.mkv",
  "high quality vs low quality": 0.6142207772183129,
  "good content vs bad content": 0.5634215840549119,
  "organized composition vs chaotic composition": 0.40701683062575456,
  "vibrant color vs faded color": 0.6848608636642022,
  "contrastive lighting vs gloomy lighting": 0.6596436256967354,
  "consistent trajectory vs incoherent trajectory": 0.7853599774730342,
  "good aesthetics vs bad aesthetics": 0.6017481935608425,
  "sharp vs fuzzy": 0.6874026212847872,
  "in-focus vs out-of-focus": 0.594293713490802,
  "noiseless vs noisy": 0.726357450920006,
  "clear-motion vs blurry-motion": 0.2670485308388018,
  "stable vs shaky": 0.9443619827227695,
  "well-exposed vs poorly-exposed": 0.7848203158616696,
  "original vs compressed": 0.6957850394667762,
  "fluent vs choppy": 0.7336317249599075,
  "clear vs severely degraded": 0.5415780859102619,
  "overall_score": 0.6432219573593485
}