{
  "timestamp": "2025-09-10 05:42:38",
  "distorted": "vegetables_av1_640x360_q54.seedvr2.mkv",
  "high quality vs low quality": 0.7605243059538311,
  "good content vs bad content": 0.755027144998427,
  "organized composition vs chaotic composition": 0.5270169174005086,
  "vibrant color vs faded color": 0.7850395321720816,
  "contrastive lighting vs gloomy lighting": 0.7320321868096572,
  "consistent trajectory vs incoherent trajectory": 0.8534548614670249,
  "good aesthetics vs bad aesthetics": 0.7582271808321625,
  "sharp vs fuzzy": 0.8069699092833851,
  "in-focus vs out-of-focus": 0.726057595332157,
  "noiseless vs noisy": 0.8314009604781147,
  "clear-motion vs blurry-motion": 0.4042160313885923,
  "stable vs shaky": 0.9535171824126956,
  "well-exposed vs poorly-exposed": 0.8275495880200713,
  "original vs compressed": 0.7754819916160841,
  "fluent vs choppy": 0.7957718439302722,
  "clear vs severely degraded": 0.7335362056576378,
  "overall_score": 0.7516139648595438
}