{
  "timestamp": "2025-09-10 06:20:49",
  "distorted": "vegetables_original_1280x720_q0.scst.mkv",
  "high quality vs low quality": 0.7874606642868964,
  "good content vs bad content": 0.7343808029727067,
  "organized composition vs chaotic composition": 0.4730360135940937,
  "vibrant color vs faded color": 0.8033057485174262,
  "contrastive lighting vs gloomy lighting": 0.7514112734441517,
  "consistent trajectory vs incoherent trajectory": 0.8495960120966568,
  "good aesthetics vs bad aesthetics": 0.7493476503162879,
  "sharp vs fuzzy": 0.8241486608026093,
  "in-focus vs out-of-focus": 0.7765191633005993,
  "noiseless vs noisy": 0.8351708142811188,
  "clear-motion vs blurry-motion": 0.4608837397121196,
  "stable vs shaky": 0.9545942078776983,
  "well-exposed vs poorly-exposed": 0.8451864906178146,
  "original vs compressed": 0.7988935664998998,
  "fluent vs choppy": 0.8147948060036025,
  "clear vs severely degraded": 0.7755979961709687,
  "overall_score": 0.7646454756559156
}