{
  "timestamp": "2025-09-10 09:26:29",
  "distorted": "vegetables_dcvcrt_1280x720_q42.rhea.mkv",
  "high quality vs low quality": 0.832307392560873,
  "good content vs bad content": 0.7918177243305461,
  "organized composition vs chaotic composition": 0.6571798195592031,
  "vibrant color vs faded color": 0.8150847370830984,
  "contrastive lighting vs gloomy lighting": 0.7636749654927526,
  "consistent trajectory vs incoherent trajectory": 0.8795180904347353,
  "good aesthetics vs bad aesthetics": 0.8168789047478571,
  "sharp vs fuzzy": 0.8627295161245515,
  "in-focus vs out-of-focus": 0.8013127571600037,
  "noiseless vs noisy": 0.8754139617783845,
  "clear-motion vs blurry-motion": 0.5872890675319923,
  "stable vs shaky": 0.9605712619650761,
  "well-exposed vs poorly-exposed": 0.8686241702672043,
  "original vs compressed": 0.8310959811956311,
  "fluent vs choppy": 0.8110305403857211,
  "clear vs severely degraded": 0.8374320675358041,
  "overall_score": 0.8119975598845895
}