{
  "timestamp": "2025-09-10 02:29:30",
  "distorted": "vegetables_original_640x360_q0.seedvr2.mkv",
  "high quality vs low quality": 0.7790986925619724,
  "good content vs bad content": 0.7239828149744134,
  "organized composition vs chaotic composition": 0.49725841752033095,
  "vibrant color vs faded color": 0.7835893797314547,
  "contrastive lighting vs gloomy lighting": 0.7389450407926224,
  "consistent trajectory vs incoherent trajectory": 0.8628650159140704,
  "good aesthetics vs bad aesthetics": 0.7462530702271712,
  "sharp vs fuzzy": 0.8175949914645237,
  "in-focus vs out-of-focus": 0.7473525028399037,
  "noiseless vs noisy": 0.8329559616349853,
  "clear-motion vs blurry-motion": 0.48661273555624873,
  "stable vs shaky": 0.9562982029389067,
  "well-exposed vs poorly-exposed": 0.8442097908238377,
  "original vs compressed": 0.7847715532794005,
  "fluent vs choppy": 0.8136931745479872,
  "clear vs severely degraded": 0.7852980856336133,
  "overall_score": 0.7625487144025901
}