{
  "timestamp": "2025-09-10 09:29:29",
  "distorted": "vegetables_dcvcrt_640x360_q34.seedvr2.mkv",
  "high quality vs low quality": 0.7073651268996496,
  "good content vs bad content": 0.6434310228707235,
  "organized composition vs chaotic composition": 0.46958814617226075,
  "vibrant color vs faded color": 0.7519990244625351,
  "contrastive lighting vs gloomy lighting": 0.70785018163988,
  "consistent trajectory vs incoherent trajectory": 0.8279423810560436,
  "good aesthetics vs bad aesthetics": 0.6875294884238999,
  "sharp vs fuzzy": 0.7656857739495972,
  "in-focus vs out-of-focus": 0.6822126778643642,
  "noiseless vs noisy": 0.7984728128593028,
  "clear-motion vs blurry-motion": 0.36917076580283187,
  "stable vs shaky": 0.9534558362361956,
  "well-exposed vs poorly-exposed": 0.8186422938245979,
  "original vs compressed": 0.7500735759603441,
  "fluent vs choppy": 0.7736701404303877,
  "clear vs severely degraded": 0.6809911838306634,
  "overall_score": 0.7117550270177049
}