{
  "timestamp": "2025-09-10 07:45:22",
  "distorted": "vegetables_dcvcrt_1280x720_q42.dove.mkv",
  "high quality vs low quality": 0.74995569898151,
  "good content vs bad content": 0.7140580899620212,
  "organized composition vs chaotic composition": 0.523639603690305,
  "vibrant color vs faded color": 0.7570971109578949,
  "contrastive lighting vs gloomy lighting": 0.7188099245770065,
  "consistent trajectory vs incoherent trajectory": 0.8513837611835953,
  "good aesthetics vs bad aesthetics": 0.7365727305782905,
  "sharp vs fuzzy": 0.7982629572464583,
  "in-focus vs out-of-focus": 0.705495673483107,
  "noiseless vs noisy": 0.8208001668805972,
  "clear-motion vs blurry-motion": 0.4188549160323479,
  "stable vs shaky": 0.9558145924645646,
  "well-exposed vs poorly-exposed": 0.8393854796411065,
  "original vs compressed": 0.7744185839815614,
  "fluent vs choppy": 0.794511516118995,
  "clear vs severely degraded": 0.7424640659391699,
  "overall_score": 0.7438453044824083
}