{
  "timestamp": "2025-09-10 04:42:11",
  "distorted": "vegetables_original_640x360_q0.lanczos.mkv",
  "high quality vs low quality": 0.6981013205404409,
  "good content vs bad content": 0.6563789339736427,
  "organized composition vs chaotic composition": 0.4821942267912556,
  "vibrant color vs faded color": 0.7390261682953004,
  "contrastive lighting vs gloomy lighting": 0.707802970191027,
  "consistent trajectory vs incoherent trajectory": 0.8371807316445314,
  "good aesthetics vs bad aesthetics": 0.6850997227829918,
  "sharp vs fuzzy": 0.7499044127065352,
  "in-focus vs out-of-focus": 0.676935083612475,
  "noiseless vs noisy": 0.7686393238066506,
  "clear-motion vs blurry-motion": 0.33937051276676333,
  "stable vs shaky": 0.9528104487712228,
  "well-exposed vs poorly-exposed": 0.8113202586375466,
  "original vs compressed": 0.7376073715769293,
  "fluent vs choppy": 0.778439583954345,
  "clear vs severely degraded": 0.6684889776833879,
  "overall_score": 0.7055812529834404
}