{
  "timestamp": "2025-09-10 01:35:57",
  "distorted": "vegetables_av1_1280x720_q48.lanczos.mkv",
  "high quality vs low quality": 0.7367700534986038,
  "good content vs bad content": 0.6811280494822635,
  "organized composition vs chaotic composition": 0.4841327543240752,
  "vibrant color vs faded color": 0.7576789388702287,
  "contrastive lighting vs gloomy lighting": 0.7245359812452601,
  "consistent trajectory vs incoherent trajectory": 0.8430764632710548,
  "good aesthetics vs bad aesthetics": 0.7265830218939459,
  "sharp vs fuzzy": 0.7824364683634578,
  "in-focus vs out-of-focus": 0.6947758664856327,
  "noiseless vs noisy": 0.8074711869093938,
  "clear-motion vs blurry-motion": 0.3899612994613972,
  "stable vs shaky": 0.9532462699463158,
  "well-exposed vs poorly-exposed": 0.8183156883701773,
  "original vs compressed": 0.7661416580416316,
  "fluent vs choppy": 0.7908844216241562,
  "clear vs severely degraded": 0.7223018257847507,
  "overall_score": 0.7299649967232715
}