{
  "timestamp": "2025-09-10 02:40:13",
  "distorted": "vegetables_av1_640x360_q54.starlightmini.mkv",
  "high quality vs low quality": 0.7754239230440579,
  "good content vs bad content": 0.6989002606385352,
  "organized composition vs chaotic composition": 0.5474829118338805,
  "vibrant color vs faded color": 0.7888450637656176,
  "contrastive lighting vs gloomy lighting": 0.7406564853969049,
  "consistent trajectory vs incoherent trajectory": 0.8674051959148129,
  "good aesthetics vs bad aesthetics": 0.746306142136042,
  "sharp vs fuzzy": 0.8230314233231025,
  "in-focus vs out-of-focus": 0.7414570350750505,
  "noiseless vs noisy": 0.8319446384408881,
  "clear-motion vs blurry-motion": 0.4707621559463966,
  "stable vs shaky": 0.9572397295350829,
  "well-exposed vs poorly-exposed": 0.8459694650391397,
  "original vs compressed": 0.7865194930309468,
  "fluent vs choppy": 0.8102268671865419,
  "clear vs severely degraded": 0.7637140692317883,
  "overall_score": 0.7622428037211741
}