{
  "timestamp": "2025-09-10 08:15:06",
  "distorted": "water_dcvcrt_640x360_q34.seedvr2.mkv",
  "high quality vs low quality": 0.528049298207783,
  "good content vs bad content": 0.4597312476163645,
  "organized composition vs chaotic composition": 0.25727417927814766,
  "vibrant color vs faded color": 0.5676290704291677,
  "contrastive lighting vs gloomy lighting": 0.6022228953816381,
  "consistent trajectory vs incoherent trajectory": 0.7064744522437222,
  "good aesthetics vs bad aesthetics": 0.49253656598512635,
  "sharp vs fuzzy": 0.6864330070517982,
  "in-focus vs out-of-focus": 0.5390269350129777,
  "noiseless vs noisy": 0.7116905890886018,
  "clear-motion vs blurry-motion": 0.2323385851430303,
  "stable vs shaky": 0.9305371111358681,
  "well-exposed vs poorly-exposed": 0.742574890397357,
  "original vs compressed": 0.643482274371066,
  "fluent vs choppy": 0.6396832572472884,
  "clear vs severely degraded": 0.4976106157506484,
  "overall_score": 0.5773309358962866
}