{
  "timestamp": "2025-09-10 06:25:18",
  "distorted": "water_original_640x360_q0.scst.mkv",
  "high quality vs low quality": 0.6697362717659735,
  "good content vs bad content": 0.6605491054150999,
  "organized composition vs chaotic composition": 0.3641416474785948,
  "vibrant color vs faded color": 0.6952159856305186,
  "contrastive lighting vs gloomy lighting": 0.695380715847178,
  "consistent trajectory vs incoherent trajectory": 0.7883619392989715,
  "good aesthetics vs bad aesthetics": 0.660924258151281,
  "sharp vs fuzzy": 0.7579075689662693,
  "in-focus vs out-of-focus": 0.7252231208440185,
  "noiseless vs noisy": 0.7556622037956614,
  "clear-motion vs blurry-motion": 0.3472240295478144,
  "stable vs shaky": 0.9416779712737087,
  "well-exposed vs poorly-exposed": 0.8116483170660832,
  "original vs compressed": 0.7395260313646573,
  "fluent vs choppy": 0.7771308743395928,
  "clear vs severely degraded": 0.657539348659744,
  "overall_score": 0.690490586840323
}