{
  "timestamp": "2025-09-10 02:55:24",
  "distorted": "water_original_3840x2160_q0.source.mkv",
  "high quality vs low quality": 0.7093182433745431,
  "good content vs bad content": 0.7086020758386989,
  "organized composition vs chaotic composition": 0.4215182653145634,
  "vibrant color vs faded color": 0.7389465345562639,
  "contrastive lighting vs gloomy lighting": 0.7117146753420934,
  "consistent trajectory vs incoherent trajectory": 0.8254908439592594,
  "good aesthetics vs bad aesthetics": 0.7061027030126603,
  "sharp vs fuzzy": 0.7824608594683946,
  "in-focus vs out-of-focus": 0.7089954315526755,
  "noiseless vs noisy": 0.7934946612087859,
  "clear-motion vs blurry-motion": 0.3402153936503897,
  "stable vs shaky": 0.9479226301342464,
  "well-exposed vs poorly-exposed": 0.8323009229537561,
  "original vs compressed": 0.7583140077309151,
  "fluent vs choppy": 0.7704397190947111,
  "clear vs severely degraded": 0.6818761503921167,
  "overall_score": 0.7148570698490047
}