{
  "timestamp": "2025-09-10 03:19:56",
  "distorted": "water_dcvcrt_640x360_q34.scst.mkv",
  "high quality vs low quality": 0.6311030100543145,
  "good content vs bad content": 0.6253120226221885,
  "organized composition vs chaotic composition": 0.3628675438998317,
  "vibrant color vs faded color": 0.6441369344670353,
  "contrastive lighting vs gloomy lighting": 0.6500620661994836,
  "consistent trajectory vs incoherent trajectory": 0.7884900947412686,
  "good aesthetics vs bad aesthetics": 0.6325094307119559,
  "sharp vs fuzzy": 0.7263561670269874,
  "in-focus vs out-of-focus": 0.6606873714827123,
  "noiseless vs noisy": 0.7391285574952845,
  "clear-motion vs blurry-motion": 0.3121650161705447,
  "stable vs shaky": 0.9432201608376719,
  "well-exposed vs poorly-exposed": 0.7896432083054286,
  "original vs compressed": 0.691680410898636,
  "fluent vs choppy": 0.7539621696375137,
  "clear vs severely degraded": 0.6270910309972525,
  "overall_score": 0.6611509497217568
}