{
  "timestamp": "2025-09-10 07:34:26",
  "distorted": "water_dcvcrt_1280x720_q42.dove.mkv",
  "high quality vs low quality": 0.7557640989879298,
  "good content vs bad content": 0.7540218492794396,
  "organized composition vs chaotic composition": 0.5001698545373796,
  "vibrant color vs faded color": 0.760510197683338,
  "contrastive lighting vs gloomy lighting": 0.7385789607278916,
  "consistent trajectory vs incoherent trajectory": 0.8389245657540478,
  "good aesthetics vs bad aesthetics": 0.7591764470776196,
  "sharp vs fuzzy": 0.8410238224358507,
  "in-focus vs out-of-focus": 0.7533232512923494,
  "noiseless vs noisy": 0.8406240763598073,
  "clear-motion vs blurry-motion": 0.43919708947219416,
  "stable vs shaky": 0.9518077743612805,
  "well-exposed vs poorly-exposed": 0.8540017728310382,
  "original vs compressed": 0.8109456586605353,
  "fluent vs choppy": 0.7947083556890705,
  "clear vs severely degraded": 0.7423091194089949,
  "overall_score": 0.7584429309099231
}