{
  "timestamp": "2025-09-10 08:51:15",
  "distorted": "water_original_640x360_q0.seedvr2.mkv",
  "high quality vs low quality": 0.6365810102838405,
  "good content vs bad content": 0.5948892017650395,
  "organized composition vs chaotic composition": 0.3408101154603823,
  "vibrant color vs faded color": 0.6769777099006392,
  "contrastive lighting vs gloomy lighting": 0.6810889581718336,
  "consistent trajectory vs incoherent trajectory": 0.7740856442589027,
  "good aesthetics vs bad aesthetics": 0.624540389492137,
  "sharp vs fuzzy": 0.7378991396365153,
  "in-focus vs out-of-focus": 0.6544163522342065,
  "noiseless vs noisy": 0.7074505512879696,
  "clear-motion vs blurry-motion": 0.30288792084280336,
  "stable vs shaky": 0.942361804769314,
  "well-exposed vs poorly-exposed": 0.8029217683236586,
  "original vs compressed": 0.6834025886617868,
  "fluent vs choppy": 0.6747197370717712,
  "clear vs severely degraded": 0.6273745823322855,
  "overall_score": 0.6539004671558178
}