{
  "timestamp": "2025-09-10 03:39:57",
  "distorted": "water_original_1280x720_q0.dove.mkv",
  "high quality vs low quality": 0.7790237078296062,
  "good content vs bad content": 0.7735023293277046,
  "organized composition vs chaotic composition": 0.49826317676181775,
  "vibrant color vs faded color": 0.7679155237371554,
  "contrastive lighting vs gloomy lighting": 0.7376177186888128,
  "consistent trajectory vs incoherent trajectory": 0.8459687830537277,
  "good aesthetics vs bad aesthetics": 0.7685532865033291,
  "sharp vs fuzzy": 0.8447040408262398,
  "in-focus vs out-of-focus": 0.7755675589853276,
  "noiseless vs noisy": 0.8576175973347907,
  "clear-motion vs blurry-motion": 0.45642569484117934,
  "stable vs shaky": 0.9530375728453295,
  "well-exposed vs poorly-exposed": 0.8611615417074834,
  "original vs compressed": 0.8254294473245735,
  "fluent vs choppy": 0.8000881185835917,
  "clear vs severely degraded": 0.7727230478910191,
  "overall_score": 0.7698499466401054
}