{
  "timestamp": "2025-09-10 09:16:21",
  "distorted": "water_original_640x360_q0.starlightmini.mkv",
  "high quality vs low quality": 0.6621207362155139,
  "good content vs bad content": 0.6500539705119843,
  "organized composition vs chaotic composition": 0.301358207077586,
  "vibrant color vs faded color": 0.7078239182071095,
  "contrastive lighting vs gloomy lighting": 0.6873946969106972,
  "consistent trajectory vs incoherent trajectory": 0.787205042025012,
  "good aesthetics vs bad aesthetics": 0.6538942940135535,
  "sharp vs fuzzy": 0.7819999011244307,
  "in-focus vs out-of-focus": 0.6983398217887785,
  "noiseless vs noisy": 0.8022541374528696,
  "clear-motion vs blurry-motion": 0.34020630255086054,
  "stable vs shaky": 0.9394947218366296,
  "well-exposed vs poorly-exposed": 0.8046796879341128,
  "original vs compressed": 0.7552768818954104,
  "fluent vs choppy": 0.7704668640168849,
  "clear vs severely degraded": 0.6767494059563333,
  "overall_score": 0.6887074118448605
}