{
  "semantic_score": -0.039433,
  "technical_score": 1.136426,
  "aesthetic_score": 0.454647,
  "fused_score": 1.55164,
  "filename": "bigbuckbunny_av1_1280x720_q48.rhea.mkv",
  "timestamp": "2025-09-05 21:46:49"
}