{
  "semantic_score": -0.046503,
  "technical_score": 0.887369,
  "aesthetic_score": 0.309618,
  "fused_score": 1.150484,
  "filename": "bigbuckbunny_av1_640x360_q54.seedvr2.mkv",
  "timestamp": "2025-09-06 02:11:23"
}