{
  "semantic_score": -0.038735,
  "technical_score": 0.857865,
  "aesthetic_score": 0.498664,
  "fused_score": 1.317794,
  "filename": "bigbuckbunny_dcvcrt_640x360_q34.scst.mkv",
  "timestamp": "2025-09-06 05:45:56"
}