{
  "semantic_score": -0.042797,
  "technical_score": 1.000358,
  "aesthetic_score": 0.482476,
  "fused_score": 1.440037,
  "filename": "bigbuckbunny_original_640x360_q0.rhea.mkv",
  "timestamp": "2025-09-06 06:14:37"
}