{
  "semantic_score": -0.047829,
  "technical_score": 0.892717,
  "aesthetic_score": 0.356798,
  "fused_score": 1.201687,
  "filename": "bigbuckbunny_av1_640x360_q54.starlightmini.mkv",
  "timestamp": "2025-09-05 23:41:19"
}