{
  "semantic_score": -0.054102,
  "technical_score": 0.034569,
  "aesthetic_score": 0.227518,
  "fused_score": 0.207985,
  "filename": "bigbuckbunny_dcvcrt_640x360_q34.lanczos.mkv",
  "timestamp": "2025-09-06 07:29:10"
}