{
  "semantic_score": -0.045484,
  "technical_score": 0.827263,
  "aesthetic_score": 0.318937,
  "fused_score": 1.100716,
  "filename": "bigbuckbunny_av1_1280x720_q48.lanczos.mkv",
  "timestamp": "2025-09-06 09:02:14"
}