{
  "semantic_score": -0.041608,
  "technical_score": 1.016378,
  "aesthetic_score": 0.525936,
  "fused_score": 1.500705,
  "filename": "bigbuckbunny_av1_1280x720_q48.scst.mkv",
  "timestamp": "2025-09-06 05:05:50"
}