{
  "semantic_score": -0.037817,
  "technical_score": 1.042431,
  "aesthetic_score": 0.455136,
  "fused_score": 1.459749,
  "filename": "bigbuckbunny_dcvcrt_1280x720_q42.dove.mkv",
  "timestamp": "2025-09-06 00:47:54"
}