{
  "semantic_score": -0.040536,
  "technical_score": 1.05152,
  "aesthetic_score": 0.427619,
  "fused_score": 1.438604,
  "filename": "bigbuckbunny_av1_1280x720_q48.dove.mkv",
  "timestamp": "2025-09-06 00:42:59"
}