{
  "semantic_score": -0.038488,
  "technical_score": 1.226369,
  "aesthetic_score": 0.492494,
  "fused_score": 1.680375,
  "filename": "bigbuckbunny_original_1280x720_q0.dove.mkv",
  "timestamp": "2025-09-06 06:37:39"
}