{
  "semantic_score": -0.04426,
  "technical_score": 1.073603,
  "aesthetic_score": 0.420056,
  "fused_score": 1.449399,
  "filename": "bigbuckbunny_av1_1280x720_q48.seedvr2.mkv",
  "timestamp": "2025-09-06 04:19:56"
}