{
  "semantic_score": -0.036575,
  "technical_score": 0.973019,
  "aesthetic_score": 0.429735,
  "fused_score": 1.366179,
  "filename": "bigbuckbunny_dcvcrt_1280x720_q42.lanczos.mkv",
  "timestamp": "2025-09-06 08:53:54"
}