{
  "semantic_score": -0.044034,
  "technical_score": 1.231834,
  "aesthetic_score": 0.477984,
  "fused_score": 1.665785,
  "filename": "bigbuckbunny_original_1280x720_q0.seedvr2.mkv",
  "timestamp": "2025-09-06 06:49:01"
}