{
  "semantic_score": -0.043352,
  "technical_score": 0.810087,
  "aesthetic_score": 0.397739,
  "fused_score": 1.164474,
  "filename": "bigbuckbunny_av1_640x360_q54.rhea.mkv",
  "timestamp": "2025-09-05 22:47:11"
}