{
  "semantic_score": -0.035299,
  "technical_score": 1.041144,
  "aesthetic_score": 0.492779,
  "fused_score": 1.498624,
  "filename": "bigbuckbunny_dcvcrt_1280x720_q42.rhea.mkv",
  "timestamp": "2025-09-05 20:19:43"
}