{
  "semantic_score": -0.040948,
  "technical_score": 1.024649,
  "aesthetic_score": 0.444706,
  "fused_score": 1.428407,
  "filename": "bigbuckbunny_av1_1280x720_q48.starlightmini.mkv",
  "timestamp": "2025-09-06 08:36:51"
}