{
  "semantic_score": -0.03627,
  "technical_score": 1.182017,
  "aesthetic_score": 0.471022,
  "fused_score": 1.616769,
  "filename": "bigbuckbunny_original_1280x720_q0.lanczos.mkv",
  "timestamp": "2025-09-06 06:23:10"
}