{
  "semantic_score": -0.044569,
  "technical_score": 1.045618,
  "aesthetic_score": 0.46917,
  "fused_score": 1.470219,
  "filename": "bigbuckbunny_original_640x360_q0.dove.mkv",
  "timestamp": "2025-09-06 04:08:47"
}