{
  "semantic_score": -0.040539,
  "technical_score": 0.879117,
  "aesthetic_score": 0.416831,
  "fused_score": 1.255409,
  "filename": "bigbuckbunny_dcvcrt_640x360_q34.dove.mkv",
  "timestamp": "2025-09-06 00:58:16"
}