{
  "semantic_score": -0.041087,
  "technical_score": 0.863493,
  "aesthetic_score": 0.43977,
  "fused_score": 1.262176,
  "filename": "bigbuckbunny_dcvcrt_640x360_q34.rhea.mkv",
  "timestamp": "2025-09-05 20:37:28"
}