{
  "semantic_score": -0.03735,
  "technical_score": 1.109425,
  "aesthetic_score": 0.488858,
  "fused_score": 1.560933,
  "filename": "bigbuckbunny_dcvcrt_1280x720_q42.seedvr2.mkv",
  "timestamp": "2025-09-06 03:46:03"
}