{
  "semantic_score": -0.041222,
  "technical_score": 1.311906,
  "aesthetic_score": 0.594935,
  "fused_score": 1.865619,
  "filename": "bigbuckbunny_original_1280x720_q0.scst.mkv",
  "timestamp": "2025-09-05 23:31:32"
}