{
  "semantic_score": -0.041105,
  "technical_score": 1.293606,
  "aesthetic_score": 0.485728,
  "fused_score": 1.738229,
  "filename": "bigbuckbunny_original_640x360_q0.seedvr2.mkv",
  "timestamp": "2025-09-05 21:03:25"
}