{
  "semantic_score": -0.034508,
  "technical_score": 1.318477,
  "aesthetic_score": 0.51148,
  "fused_score": 1.795449,
  "filename": "bigbuckbunny_original_3840x2160_q0.source.mkv",
  "timestamp": "2025-09-06 02:02:33"
}