{
  "semantic_score": -0.036826,
  "technical_score": 1.17426,
  "aesthetic_score": 0.576289,
  "fused_score": 1.713724,
  "filename": "bigbuckbunny_dcvcrt_1280x720_q42.scst.mkv",
  "timestamp": "2025-09-06 06:03:11"
}