{
  "semantic_score": -0.040963,
  "technical_score": 0.969038,
  "aesthetic_score": 0.503742,
  "fused_score": 1.431816,
  "filename": "bigbuckbunny_av1_640x360_q54.scst.mkv",
  "timestamp": "2025-09-06 04:17:06"
}