{
  "semantic_score": -0.036138,
  "technical_score": 1.313171,
  "aesthetic_score": 0.547179,
  "fused_score": 1.824212,
  "filename": "bigbuckbunny_original_1280x720_q0.rhea.mkv",
  "timestamp": "2025-09-06 03:57:22"
}