{
  "semantic_score": -0.057889,
  "technical_score": -0.120528,
  "aesthetic_score": 0.15508,
  "fused_score": -0.023337,
  "filename": "bigbuckbunny_av1_640x360_q54.lanczos.mkv",
  "timestamp": "2025-09-05 23:45:19"
}