{
  "semantic_score": -0.045984,
  "technical_score": 0.518575,
  "aesthetic_score": 0.328474,
  "fused_score": 0.801065,
  "filename": "bigbuckbunny_dcvcrt_640x360_q34.seedvr2.mkv",
  "timestamp": "2025-09-06 05:08:45"
}