{
  "semantic_score": -0.045218,
  "technical_score": 0.963803,
  "aesthetic_score": 0.377011,
  "fused_score": 1.295596,
  "filename": "bigbuckbunny_av1_640x360_q54.dove.mkv",
  "timestamp": "2025-09-05 22:20:31"
}