{
  "semantic_score": -0.044163,
  "technical_score": 1.141859,
  "aesthetic_score": 0.536746,
  "fused_score": 1.634442,
  "filename": "bigbuckbunny_original_640x360_q0.scst.mkv",
  "timestamp": "2025-09-05 22:42:10"
}