{
  "semantic_score": -0.073188,
  "technical_score": 0.489127,
  "aesthetic_score": 0.128723,
  "fused_score": 0.544662,
  "filename": "daydreamer_original_640x360_q0.scst.mkv",
  "timestamp": "2025-09-06 08:48:19"
}