{
  "semantic_score": -0.090106,
  "technical_score": 0.220942,
  "aesthetic_score": -0.318515,
  "fused_score": -0.187679,
  "filename": "daydreamer_av1_1280x720_q48.lanczos.mkv",
  "timestamp": "2025-09-05 22:05:41"
}