{
  "semantic_score": -0.077576,
  "technical_score": 0.170666,
  "aesthetic_score": -0.122981,
  "fused_score": -0.029891,
  "filename": "daydreamer_dcvcrt_640x360_q34.seedvr2.mkv",
  "timestamp": "2025-09-06 06:00:05"
}