{
  "semantic_score": -0.082494,
  "technical_score": 0.379084,
  "aesthetic_score": -0.136843,
  "fused_score": 0.159747,
  "filename": "daydreamer_av1_1280x720_q48.dove.mkv",
  "timestamp": "2025-09-06 00:18:03"
}