{
  "semantic_score": -0.088842,
  "technical_score": 0.322543,
  "aesthetic_score": -0.136688,
  "fused_score": 0.097014,
  "filename": "daydreamer_av1_1280x720_q48.seedvr2.mkv",
  "timestamp": "2025-09-06 02:34:27"
}