{
  "semantic_score": -0.065297,
  "technical_score": 0.272867,
  "aesthetic_score": 0.026818,
  "fused_score": 0.234389,
  "filename": "daydreamer_dcvcrt_640x360_q34.rhea.mkv",
  "timestamp": "2025-09-06 02:45:34"
}