{
  "semantic_score": -0.082693,
  "technical_score": 0.400224,
  "aesthetic_score": -0.011408,
  "fused_score": 0.306124,
  "filename": "daydreamer_dcvcrt_1280x720_q42.seedvr2.mkv",
  "timestamp": "2025-09-06 08:34:01"
}