{
  "semantic_score": -0.101631,
  "technical_score": -0.1204,
  "aesthetic_score": -0.158676,
  "fused_score": -0.380707,
  "filename": "daydreamer_original_3840x2160_q0.source.mkv",
  "timestamp": "2025-09-06 04:28:49"
}