{
  "semantic_score": -0.068728,
  "technical_score": 0.448107,
  "aesthetic_score": -0.202016,
  "fused_score": 0.177363,
  "filename": "daydreamer_av1_640x360_q54.scst.mkv",
  "timestamp": "2025-09-06 03:11:26"
}