{
  "semantic_score": -0.07614,
  "technical_score": -0.025924,
  "aesthetic_score": -0.348461,
  "fused_score": -0.450526,
  "filename": "daydreamer_av1_640x360_q54.starlightmini.mkv",
  "timestamp": "2025-09-06 05:51:30"
}