{
  "semantic_score": -0.06858,
  "technical_score": 0.343893,
  "aesthetic_score": 0.043514,
  "fused_score": 0.318827,
  "filename": "daydreamer_dcvcrt_1280x720_q42.starlightmini.mkv",
  "timestamp": "2025-09-06 08:02:40"
}