{
  "semantic_score": -0.0762,
  "technical_score": 0.371635,
  "aesthetic_score": -0.047983,
  "fused_score": 0.247452,
  "filename": "daydreamer_dcvcrt_1280x720_q42.lanczos.mkv",
  "timestamp": "2025-09-06 04:48:22"
}