{
  "semantic_score": -0.071852,
  "technical_score": 0.627795,
  "aesthetic_score": 0.056691,
  "fused_score": 0.612635,
  "filename": "daydreamer_dcvcrt_1280x720_q42.dove.mkv",
  "timestamp": "2025-09-06 07:20:35"
}