{
  "semantic_score": -0.091862,
  "technical_score": 0.243232,
  "aesthetic_score": -0.387674,
  "fused_score": -0.236304,
  "filename": "daydreamer_av1_640x360_q54.seedvr2.mkv",
  "timestamp": "2025-09-06 00:22:53"
}