{
  "semantic_score": -0.069433,
  "technical_score": 0.524472,
  "aesthetic_score": -0.039923,
  "fused_score": 0.415116,
  "filename": "daydreamer_av1_1280x720_q48.scst.mkv",
  "timestamp": "2025-09-06 05:25:51"
}