{
  "semantic_score": -0.072863,
  "technical_score": 0.2428,
  "aesthetic_score": -0.099159,
  "fused_score": 0.070777,
  "filename": "daydreamer_av1_1280x720_q48.starlightmini.mkv",
  "timestamp": "2025-09-06 02:40:01"
}