{
  "semantic_score": -0.090527,
  "technical_score": -0.26369,
  "aesthetic_score": -0.185565,
  "fused_score": -0.539782,
  "filename": "daydreamer_dcvcrt_640x360_q34.lanczos.mkv",
  "timestamp": "2025-09-06 07:34:31"
}