{
  "semantic_score": -0.076643,
  "technical_score": 0.638879,
  "aesthetic_score": 0.085304,
  "fused_score": 0.64754,
  "filename": "daydreamer_original_1280x720_q0.dove.mkv",
  "timestamp": "2025-09-06 04:34:31"
}