{
  "semantic_score": -0.066954,
  "technical_score": 0.119336,
  "aesthetic_score": -0.010635,
  "fused_score": 0.041747,
  "filename": "daydreamer_dcvcrt_640x360_q34.starlightmini.mkv",
  "timestamp": "2025-09-06 06:25:55"
}