{
  "semantic_score": -0.068976,
  "technical_score": 0.542001,
  "aesthetic_score": 0.134252,
  "fused_score": 0.607278,
  "filename": "daydreamer_original_1280x720_q0.scst.mkv",
  "timestamp": "2025-09-05 20:42:11"
}