{
  "semantic_score": -0.069976,
  "technical_score": 0.147956,
  "aesthetic_score": -0.079533,
  "fused_score": -0.001553,
  "filename": "daydreamer_av1_640x360_q54.rhea.mkv",
  "timestamp": "2025-09-06 07:40:03"
}