{
  "semantic_score": -0.096362,
  "technical_score": 0.205244,
  "aesthetic_score": -0.048037,
  "fused_score": 0.060845,
  "filename": "daydreamer_original_1280x720_q0.seedvr2.mkv",
  "timestamp": "2025-09-05 20:24:09"
}