{
  "semantic_score": -0.081343,
  "technical_score": 0.062108,
  "aesthetic_score": -0.330329,
  "fused_score": -0.349564,
  "filename": "daydreamer_av1_640x360_q54.dove.mkv",
  "timestamp": "2025-09-06 08:08:14"
}