{
  "semantic_score": -0.065082,
  "technical_score": 0.624,
  "aesthetic_score": 0.112856,
  "fused_score": 0.671774,
  "filename": "daydreamer_dcvcrt_1280x720_q42.scst.mkv",
  "timestamp": "2025-09-06 01:37:20"
}