{
  "semantic_score": -0.091063,
  "technical_score": 0.289064,
  "aesthetic_score": -0.026458,
  "fused_score": 0.171543,
  "filename": "daydreamer_original_640x360_q0.seedvr2.mkv",
  "timestamp": "2025-09-06 02:28:41"
}