{
  "semantic_score": -0.070344,
  "technical_score": 0.503279,
  "aesthetic_score": -0.029344,
  "fused_score": 0.403591,
  "filename": "daydreamer_av1_1280x720_q48.rhea.mkv",
  "timestamp": "2025-09-05 21:08:08"
}