{
  "semantic_score": -0.06614,
  "technical_score": 0.693624,
  "aesthetic_score": 0.045894,
  "fused_score": 0.673377,
  "filename": "daydreamer_dcvcrt_1280x720_q42.rhea.mkv",
  "timestamp": "2025-09-06 08:28:21"
}