{
  "semantic_score": -0.073443,
  "technical_score": 0.446577,
  "aesthetic_score": 0.098905,
  "fused_score": 0.472039,
  "filename": "daydreamer_original_640x360_q0.dove.mkv",
  "timestamp": "2025-09-06 02:25:44"
}