{
  "semantic_score": -0.077234,
  "technical_score": 0.178232,
  "aesthetic_score": 0.057206,
  "fused_score": 0.158204,
  "filename": "daydreamer_original_640x360_q0.rhea.mkv",
  "timestamp": "2025-09-06 02:14:13"
}