{
  "semantic_score": -0.057263,
  "technical_score": 0.700906,
  "aesthetic_score": 0.026658,
  "fused_score": 0.670301,
  "filename": "daydreamer_dcvcrt_640x360_q34.scst.mkv",
  "timestamp": "2025-09-06 06:54:47"
}