{
  "semantic_score": -0.075233,
  "technical_score": 0.438898,
  "aesthetic_score": 0.053255,
  "fused_score": 0.416919,
  "filename": "daydreamer_original_1280x720_q0.rhea.mkv",
  "timestamp": "2025-09-06 05:48:45"
}