{
  "semantic_score": -0.066825,
  "technical_score": 0.441258,
  "aesthetic_score": -0.007842,
  "fused_score": 0.366591,
  "filename": "daydreamer_dcvcrt_640x360_q34.dove.mkv",
  "timestamp": "2025-09-06 01:59:45"
}