{
  "semantic_score": -0.102296,
  "technical_score": -0.283704,
  "aesthetic_score": -0.564544,
  "fused_score": -0.950544,
  "filename": "daydreamer_av1_640x360_q54.lanczos.mkv",
  "timestamp": "2025-09-06 01:31:38"
}