{
  "semantic_score": -0.030075,
  "technical_score": 0.822195,
  "aesthetic_score": 0.3164,
  "fused_score": 1.10852,
  "filename": "giftmord_dcvcrt_640x360_q34.scst.mkv",
  "timestamp": "2025-09-05 23:18:13"
}