{
  "semantic_score": -0.03006,
  "technical_score": 0.913933,
  "aesthetic_score": 0.324304,
  "fused_score": 1.208178,
  "filename": "giftmord_dcvcrt_1280x720_q42.seedvr2.mkv",
  "timestamp": "2025-09-06 08:42:29"
}