{
  "semantic_score": -0.0265,
  "technical_score": 0.903836,
  "aesthetic_score": 0.372101,
  "fused_score": 1.249436,
  "filename": "giftmord_dcvcrt_1280x720_q42.scst.mkv",
  "timestamp": "2025-09-06 09:10:29"
}