{
  "semantic_score": -0.054277,
  "technical_score": -0.024593,
  "aesthetic_score": 0.010069,
  "fused_score": -0.068801,
  "filename": "giftmord_original_640x360_q0.lanczos.mkv",
  "timestamp": "2025-09-05 21:36:45"
}