{
  "semantic_score": -0.034723,
  "technical_score": 0.906999,
  "aesthetic_score": 0.242296,
  "fused_score": 1.114572,
  "filename": "giftmord_original_640x360_q0.rhea.mkv",
  "timestamp": "2025-09-06 08:05:29"
}