{
  "semantic_score": -0.04481,
  "technical_score": 0.675637,
  "aesthetic_score": 0.111899,
  "fused_score": 0.742727,
  "filename": "giftmord_av1_640x360_q54.seedvr2.mkv",
  "timestamp": "2025-09-06 07:14:58"
}