{
  "semantic_score": -0.028173,
  "technical_score": 0.864527,
  "aesthetic_score": 0.314465,
  "fused_score": 1.150819,
  "filename": "giftmord_av1_1280x720_q48.scst.mkv",
  "timestamp": "2025-09-05 21:22:15"
}