{
  "semantic_score": -0.03054,
  "technical_score": 0.871758,
  "aesthetic_score": 0.231691,
  "fused_score": 1.072909,
  "filename": "giftmord_av1_1280x720_q48.dove.mkv",
  "timestamp": "2025-09-06 05:02:58"
}