{
  "semantic_score": -0.031807,
  "technical_score": 0.935827,
  "aesthetic_score": 0.260073,
  "fused_score": 1.164093,
  "filename": "giftmord_dcvcrt_640x360_q34.rhea.mkv",
  "timestamp": "2025-09-06 04:11:32"
}