{
  "semantic_score": -0.030917,
  "technical_score": 0.95839,
  "aesthetic_score": 0.21903,
  "fused_score": 1.146504,
  "filename": "giftmord_av1_640x360_q54.rhea.mkv",
  "timestamp": "2025-09-06 08:25:33"
}