{
  "semantic_score": -0.06174,
  "technical_score": 0.030284,
  "aesthetic_score": -0.042542,
  "fused_score": -0.073998,
  "filename": "giftmord_original_3840x2160_q0.source.mkv",
  "timestamp": "2025-09-06 08:22:47"
}