{
  "semantic_score": -0.032295,
  "technical_score": 0.981569,
  "aesthetic_score": 0.27155,
  "fused_score": 1.220824,
  "filename": "giftmord_original_640x360_q0.dove.mkv",
  "timestamp": "2025-09-06 07:37:17"
}