{
  "semantic_score": -0.043845,
  "technical_score": 0.766232,
  "aesthetic_score": 0.206119,
  "fused_score": 0.928506,
  "filename": "giftmord_av1_640x360_q54.scst.mkv",
  "timestamp": "2025-09-06 01:42:56"
}