{
  "semantic_score": -0.05531,
  "technical_score": 0.557866,
  "aesthetic_score": 0.075396,
  "fused_score": 0.577952,
  "filename": "giftmord_original_1280x720_q0.seedvr2.mkv",
  "timestamp": "2025-09-06 03:17:15"
}