{
  "semantic_score": -0.045965,
  "technical_score": 0.81437,
  "aesthetic_score": 0.164244,
  "fused_score": 0.932649,
  "filename": "giftmord_original_640x360_q0.seedvr2.mkv",
  "timestamp": "2025-09-06 03:28:41"
}