{
  "semantic_score": -0.070257,
  "technical_score": -0.274398,
  "aesthetic_score": -0.211387,
  "fused_score": -0.556042,
  "filename": "giftmord_av1_640x360_q54.lanczos.mkv",
  "timestamp": "2025-09-06 05:22:59"
}