{
  "semantic_score": -0.034904,
  "technical_score": 0.673461,
  "aesthetic_score": 0.210279,
  "fused_score": 0.848836,
  "filename": "giftmord_dcvcrt_1280x720_q42.lanczos.mkv",
  "timestamp": "2025-09-06 03:54:26"
}