{
  "semantic_score": -0.03317,
  "technical_score": 0.941386,
  "aesthetic_score": 0.266973,
  "fused_score": 1.175189,
  "filename": "giftmord_dcvcrt_640x360_q34.dove.mkv",
  "timestamp": "2025-09-06 06:11:43"
}