{
  "semantic_score": -0.04387,
  "technical_score": 0.672732,
  "aesthetic_score": 0.170629,
  "fused_score": 0.799491,
  "filename": "giftmord_dcvcrt_640x360_q34.seedvr2.mkv",
  "timestamp": "2025-09-06 07:59:55"
}