{
  "semantic_score": -0.028243,
  "technical_score": 0.896154,
  "aesthetic_score": 0.245224,
  "fused_score": 1.113135,
  "filename": "giftmord_dcvcrt_1280x720_q42.starlightmini.mkv",
  "timestamp": "2025-09-05 21:12:32"
}