{
  "semantic_score": -0.022785,
  "technical_score": 1.019902,
  "aesthetic_score": 0.345353,
  "fused_score": 1.342471,
  "filename": "giftmord_dcvcrt_1280x720_q42.rhea.mkv",
  "timestamp": "2025-09-06 01:57:01"
}