{
  "semantic_score": -0.036824,
  "technical_score": 1.032467,
  "aesthetic_score": 0.232078,
  "fused_score": 1.227721,
  "filename": "giftmord_original_1280x720_q0.rhea.mkv",
  "timestamp": "2025-09-06 04:40:17"
}