{
  "semantic_score": -0.032629,
  "technical_score": 0.766461,
  "aesthetic_score": 0.247272,
  "fused_score": 0.981104,
  "filename": "giftmord_av1_1280x720_q48.seedvr2.mkv",
  "timestamp": "2025-09-06 07:48:42"
}