{
  "semantic_score": -0.029519,
  "technical_score": 0.896091,
  "aesthetic_score": 0.302226,
  "fused_score": 1.168797,
  "filename": "giftmord_original_640x360_q0.scst.mkv",
  "timestamp": "2025-09-06 01:54:14"
}