{
  "semantic_score": -0.026689,
  "technical_score": 1.031449,
  "aesthetic_score": 0.33461,
  "fused_score": 1.33937,
  "filename": "giftmord_original_1280x720_q0.scst.mkv",
  "timestamp": "2025-09-06 01:03:36"
}