{
  "semantic_score": -0.037836,
  "technical_score": 0.788563,
  "aesthetic_score": 0.234059,
  "fused_score": 0.984785,
  "filename": "giftmord_dcvcrt_640x360_q34.starlightmini.mkv",
  "timestamp": "2025-09-06 01:28:59"
}