{
  "semantic_score": -0.03174,
  "technical_score": 1.03969,
  "aesthetic_score": 0.275814,
  "fused_score": 1.283764,
  "filename": "giftmord_original_1280x720_q0.dove.mkv",
  "timestamp": "2025-09-06 05:54:21"
}