{
  "semantic_score": -0.023932,
  "technical_score": 1.005229,
  "aesthetic_score": 0.289982,
  "fused_score": 1.271279,
  "filename": "giftmord_av1_1280x720_q48.rhea.mkv",
  "timestamp": "2025-09-06 05:28:36"
}