{
  "semantic_score": -0.034662,
  "technical_score": 0.899586,
  "aesthetic_score": 0.193797,
  "fused_score": 1.058722,
  "filename": "giftmord_original_1280x720_q0.starlightmini.mkv",
  "timestamp": "2025-09-06 08:51:09"
}