{
  "semantic_score": -0.036803,
  "technical_score": 0.835907,
  "aesthetic_score": 0.153301,
  "fused_score": 0.952406,
  "filename": "giftmord_av1_640x360_q54.starlightmini.mkv",
  "timestamp": "2025-09-06 05:17:21"
}