{
  "semantic_score": -0.056596,
  "technical_score": 0.071555,
  "aesthetic_score": -0.008426,
  "fused_score": 0.006534,
  "filename": "giftmord_dcvcrt_640x360_q34.lanczos.mkv",
  "timestamp": "2025-09-06 04:42:57"
}