{
  "semantic_score": -0.04136,
  "technical_score": 0.44904,
  "aesthetic_score": 0.087791,
  "fused_score": 0.49547,
  "filename": "giftmord_av1_1280x720_q48.lanczos.mkv",
  "timestamp": "2025-09-06 05:40:03"
}