{
  "semantic_score": -0.044336,
  "technical_score": 0.824705,
  "aesthetic_score": 0.133828,
  "fused_score": 0.914197,
  "filename": "giftmord_av1_640x360_q54.dove.mkv",
  "timestamp": "2025-09-06 07:54:21"
}