{
  "semantic_score": -0.057772,
  "technical_score": 0.012955,
  "aesthetic_score": 0.001001,
  "fused_score": -0.043816,
  "filename": "giftmord_original_1280x720_q0.lanczos.mkv",
  "timestamp": "2025-09-05 20:28:33"
}