{
  "semantic_score": -0.03114,
  "technical_score": 0.858579,
  "aesthetic_score": 0.191336,
  "fused_score": 1.018775,
  "filename": "giftmord_av1_1280x720_q48.starlightmini.mkv",
  "timestamp": "2025-09-05 22:00:47"
}