{
  "semantic_score": -0.028488,
  "technical_score": 0.963945,
  "aesthetic_score": 0.321632,
  "fused_score": 1.257089,
  "filename": "giftmord_dcvcrt_1280x720_q42.dove.mkv",
  "timestamp": "2025-09-06 02:42:46"
}