{
  "semantic_score": -0.03456,
  "technical_score": 0.760322,
  "aesthetic_score": 0.37137,
  "fused_score": 1.097132,
  "filename": "sparks15_dcvcrt_1280x720_q42.starlightmini.mkv",
  "timestamp": "2025-09-06 07:17:49"
}