{
  "semantic_score": -0.039375,
  "technical_score": 0.701184,
  "aesthetic_score": 0.322436,
  "fused_score": 0.984245,
  "filename": "sparks15_original_640x360_q0.rhea.mkv",
  "timestamp": "2025-09-06 04:03:03"
}