{
  "semantic_score": -0.03421,
  "technical_score": 0.682412,
  "aesthetic_score": 0.352522,
  "fused_score": 1.000724,
  "filename": "sparks15_original_640x360_q0.starlightmini.mkv",
  "timestamp": "2025-09-05 23:13:54"
}