{
  "semantic_score": -0.105277,
  "technical_score": -0.709556,
  "aesthetic_score": -0.341549,
  "fused_score": -1.156382,
  "filename": "sparks15_av1_640x360_q54.lanczos.mkv",
  "timestamp": "2025-09-06 01:51:23"
}