{
  "semantic_score": -0.042142,
  "technical_score": 0.745261,
  "aesthetic_score": 0.28772,
  "fused_score": 0.990839,
  "filename": "sparks15_av1_1280x720_q48.rhea.mkv",
  "timestamp": "2025-09-06 02:57:05"
}