{
  "semantic_score": -0.038207,
  "technical_score": 0.711841,
  "aesthetic_score": 0.42608,
  "fused_score": 1.099714,
  "filename": "sparks15_dcvcrt_1280x720_q42.scst.mkv",
  "timestamp": "2025-09-06 04:37:26"
}