{
  "semantic_score": -0.078013,
  "technical_score": -0.019759,
  "aesthetic_score": -0.186842,
  "fused_score": -0.284614,
  "filename": "sparks15_av1_640x360_q54.scst.mkv",
  "timestamp": "2025-09-06 02:22:52"
}