{
  "semantic_score": -0.054114,
  "technical_score": 0.005507,
  "aesthetic_score": 0.122197,
  "fused_score": 0.07359,
  "filename": "sparks15_dcvcrt_640x360_q34.scst.mkv",
  "timestamp": "2025-09-06 07:03:25"
}