{
  "semantic_score": -0.027302,
  "technical_score": 0.845615,
  "aesthetic_score": 0.417705,
  "fused_score": 1.236018,
  "filename": "sparks15_dcvcrt_1280x720_q42.dove.mkv",
  "timestamp": "2025-09-05 20:46:56"
}