{
  "semantic_score": -0.041649,
  "technical_score": 0.414487,
  "aesthetic_score": 0.166486,
  "fused_score": 0.539324,
  "filename": "sparks15_dcvcrt_640x360_q34.starlightmini.mkv",
  "timestamp": "2025-09-06 04:57:10"
}