{
  "semantic_score": -0.040592,
  "technical_score": 0.480715,
  "aesthetic_score": 0.172154,
  "fused_score": 0.612278,
  "filename": "sparks15_dcvcrt_640x360_q34.dove.mkv",
  "timestamp": "2025-09-06 02:19:53"
}