{
  "semantic_score": -0.036451,
  "technical_score": 0.674984,
  "aesthetic_score": 0.321252,
  "fused_score": 0.959785,
  "filename": "sparks15_original_1280x720_q0.lanczos.mkv",
  "timestamp": "2025-09-06 06:57:43"
}