{
  "semantic_score": -0.059417,
  "technical_score": 0.270562,
  "aesthetic_score": -0.124185,
  "fused_score": 0.086959,
  "filename": "sparks15_av1_640x360_q54.dove.mkv",
  "timestamp": "2025-09-06 07:00:31"
}