{
  "semantic_score": -0.050502,
  "technical_score": 0.471934,
  "aesthetic_score": 0.263265,
  "fused_score": 0.684697,
  "filename": "sparks15_av1_1280x720_q48.scst.mkv",
  "timestamp": "2025-09-06 07:51:36"
}