{
  "semantic_score": -0.039008,
  "technical_score": 0.865997,
  "aesthetic_score": 0.357662,
  "fused_score": 1.184652,
  "filename": "sparks15_original_1280x720_q0.scst.mkv",
  "timestamp": "2025-09-06 01:13:53"
}