{
  "semantic_score": -0.038422,
  "technical_score": 0.903626,
  "aesthetic_score": 0.359886,
  "fused_score": 1.22509,
  "filename": "sparks15_original_1280x720_q0.dove.mkv",
  "timestamp": "2025-09-06 05:37:23"
}