{
  "semantic_score": -0.042444,
  "technical_score": 0.68061,
  "aesthetic_score": 0.295855,
  "fused_score": 0.934021,
  "filename": "sparks15_original_3840x2160_q0.source.mkv",
  "timestamp": "2025-09-06 00:01:35"
}