{
  "semantic_score": -0.044278,
  "technical_score": 0.733476,
  "aesthetic_score": 0.314849,
  "fused_score": 1.004047,
  "filename": "sparks15_original_1280x720_q0.seedvr2.mkv",
  "timestamp": "2025-09-06 06:34:49"
}