{
  "semantic_score": -0.041022,
  "technical_score": 0.766989,
  "aesthetic_score": 0.347482,
  "fused_score": 1.07345,
  "filename": "sparks15_original_640x360_q0.scst.mkv",
  "timestamp": "2025-09-05 23:25:47"
}