{
  "semantic_score": -0.061634,
  "technical_score": -0.097058,
  "aesthetic_score": -0.212362,
  "fused_score": -0.371054,
  "filename": "sparks15_av1_640x360_q54.starlightmini.mkv",
  "timestamp": "2025-09-06 04:00:09"
}