{
  "semantic_score": -0.036469,
  "technical_score": 0.720632,
  "aesthetic_score": 0.285054,
  "fused_score": 0.969218,
  "filename": "sparks15_av1_1280x720_q48.dove.mkv",
  "timestamp": "2025-09-06 01:45:49"
}