{
  "semantic_score": -0.052729,
  "technical_score": 0.275356,
  "aesthetic_score": 0.184849,
  "fused_score": 0.407476,
  "filename": "sparks15_av1_1280x720_q48.lanczos.mkv",
  "timestamp": "2025-09-06 06:40:26"
}