{
  "semantic_score": -0.043882,
  "technical_score": 0.227946,
  "aesthetic_score": 0.166093,
  "fused_score": 0.350157,
  "filename": "sparks15_dcvcrt_640x360_q34.rhea.mkv",
  "timestamp": "2025-09-06 02:31:36"
}