{
  "semantic_score": -0.037039,
  "technical_score": 0.270873,
  "aesthetic_score": 0.285813,
  "fused_score": 0.519647,
  "filename": "sparks15_original_640x360_q0.lanczos.mkv",
  "timestamp": "2025-09-06 02:17:04"
}