{
  "semantic_score": -0.0465,
  "technical_score": 0.61424,
  "aesthetic_score": 0.299724,
  "fused_score": 0.867463,
  "filename": "sparks15_av1_1280x720_q48.seedvr2.mkv",
  "timestamp": "2025-09-06 06:17:35"
}