{
  "semantic_score": -0.033194,
  "technical_score": 0.699844,
  "aesthetic_score": 0.339488,
  "fused_score": 1.006137,
  "filename": "sparks15_dcvcrt_1280x720_q42.lanczos.mkv",
  "timestamp": "2025-09-06 07:09:11"
}