{
  "semantic_score": -0.033981,
  "technical_score": 0.850728,
  "aesthetic_score": 0.434606,
  "fused_score": 1.251353,
  "filename": "sparks15_dcvcrt_1280x720_q42.seedvr2.mkv",
  "timestamp": "2025-09-06 05:20:20"
}