{
  "semantic_score": -0.05747,
  "technical_score": -0.105816,
  "aesthetic_score": 0.087174,
  "fused_score": -0.076111,
  "filename": "sparks15_dcvcrt_640x360_q34.seedvr2.mkv",
  "timestamp": "2025-09-06 05:57:16"
}