{
  "semantic_score": -0.030523,
  "technical_score": 0.918523,
  "aesthetic_score": 0.38626,
  "fused_score": 1.27426,
  "filename": "sparks15_dcvcrt_1280x720_q42.rhea.mkv",
  "timestamp": "2025-09-06 01:08:40"
}