{
  "semantic_score": -0.065722,
  "technical_score": -0.475718,
  "aesthetic_score": -0.067119,
  "fused_score": -0.608559,
  "filename": "sparks15_dcvcrt_640x360_q34.lanczos.mkv",
  "timestamp": "2025-09-06 07:31:54"
}