{
  "semantic_score": -0.038884,
  "technical_score": 0.901647,
  "aesthetic_score": 0.330038,
  "fused_score": 1.192801,
  "filename": "sparks15_original_1280x720_q0.rhea.mkv",
  "timestamp": "2025-09-06 04:25:52"
}