{
  "semantic_score": -0.035004,
  "technical_score": 0.819785,
  "aesthetic_score": 0.373903,
  "fused_score": 1.158684,
  "filename": "sparks15_original_640x360_q0.dove.mkv",
  "timestamp": "2025-09-06 06:08:59"
}