{
  "semantic_score": -0.034594,
  "technical_score": 0.846785,
  "aesthetic_score": 0.368782,
  "fused_score": 1.180973,
  "filename": "sparks15_original_1280x720_q0.starlightmini.mkv",
  "timestamp": "2025-09-06 06:51:53"
}