{
  "semantic_score": -0.046338,
  "technical_score": 0.595611,
  "aesthetic_score": 0.233783,
  "fused_score": 0.783056,
  "filename": "sparks15_av1_1280x720_q48.starlightmini.mkv",
  "timestamp": "2025-09-05 22:36:10"
}