{
  "semantic_score": -0.054797,
  "technical_score": 0.321543,
  "aesthetic_score": 0.136006,
  "fused_score": 0.402752,
  "filename": "sparks15_av1_640x360_q54.rhea.mkv",
  "timestamp": "2025-09-06 08:39:41"
}