{
  "semantic_score": -0.043338,
  "technical_score": 0.781169,
  "aesthetic_score": 0.316488,
  "fused_score": 1.054319,
  "filename": "sparks15_original_640x360_q0.seedvr2.mkv",
  "timestamp": "2025-09-06 00:07:08"
}