{
  "semantic_score": -0.084372,
  "technical_score": -0.196558,
  "aesthetic_score": -0.325996,
  "fused_score": -0.606926,
  "filename": "sparks15_av1_640x360_q54.seedvr2.mkv",
  "timestamp": "2025-09-06 01:26:14"
}