{
  "semantic_score": -0.04326,
  "technical_score": 0.19541,
  "aesthetic_score": 0.266007,
  "fused_score": 0.418157,
  "filename": "vegetables_av1_640x360_q54.starlightmini.mkv",
  "timestamp": "2025-09-05 22:52:02"
}