{
  "semantic_score": -0.049563,
  "technical_score": 0.537107,
  "aesthetic_score": 0.336854,
  "fused_score": 0.824399,
  "filename": "vegetables_original_1280x720_q0.lanczos.mkv",
  "timestamp": "2025-09-06 02:05:25"
}