{
  "semantic_score": -0.043613,
  "technical_score": 0.578462,
  "aesthetic_score": 0.374397,
  "fused_score": 0.909246,
  "filename": "vegetables_av1_1280x720_q48.rhea.mkv",
  "timestamp": "2025-09-06 07:42:51"
}