{
  "semantic_score": -0.044366,
  "technical_score": 0.551544,
  "aesthetic_score": 0.382884,
  "fused_score": 0.890063,
  "filename": "vegetables_original_640x360_q0.rhea.mkv",
  "timestamp": "2025-09-06 01:48:42"
}