{
  "semantic_score": -0.047753,
  "technical_score": 0.779802,
  "aesthetic_score": 0.331438,
  "fused_score": 1.063487,
  "filename": "vegetables_original_640x360_q0.dove.mkv",
  "timestamp": "2025-09-06 03:02:44"
}