{
  "semantic_score": -0.049017,
  "technical_score": 0.596497,
  "aesthetic_score": 0.292467,
  "fused_score": 0.839947,
  "filename": "vegetables_av1_1280x720_q48.dove.mkv",
  "timestamp": "2025-09-06 08:17:07"
}