{
  "semantic_score": -0.045234,
  "technical_score": 0.16125,
  "aesthetic_score": 0.309911,
  "fused_score": 0.425926,
  "filename": "vegetables_dcvcrt_640x360_q34.seedvr2.mkv",
  "timestamp": "2025-09-06 08:59:35"
}