{
  "semantic_score": -0.031273,
  "technical_score": 0.679178,
  "aesthetic_score": 0.331546,
  "fused_score": 0.979451,
  "filename": "vegetables_av1_1280x720_q48.scst.mkv",
  "timestamp": "2025-09-06 03:05:47"
}