{
  "semantic_score": -0.042678,
  "technical_score": 0.386608,
  "aesthetic_score": 0.341861,
  "fused_score": 0.68579,
  "filename": "vegetables_dcvcrt_640x360_q34.dove.mkv",
  "timestamp": "2025-09-06 08:31:07"
}