{
  "semantic_score": -0.037801,
  "technical_score": 0.555301,
  "aesthetic_score": 0.426472,
  "fused_score": 0.943972,
  "filename": "vegetables_dcvcrt_1280x720_q42.starlightmini.mkv",
  "timestamp": "2025-09-06 03:40:10"
}