{
  "semantic_score": -0.051852,
  "technical_score": 0.632895,
  "aesthetic_score": 0.314484,
  "fused_score": 0.895527,
  "filename": "vegetables_original_3840x2160_q0.source.mkv",
  "timestamp": "2025-09-06 06:06:06"
}