{
  "semantic_score": -0.043873,
  "technical_score": 0.45345,
  "aesthetic_score": 0.369155,
  "fused_score": 0.778732,
  "filename": "vegetables_dcvcrt_1280x720_q42.lanczos.mkv",
  "timestamp": "2025-09-06 08:19:49"
}