{
  "semantic_score": -0.052889,
  "technical_score": 0.244868,
  "aesthetic_score": 0.2236,
  "fused_score": 0.415579,
  "filename": "vegetables_av1_640x360_q54.seedvr2.mkv",
  "timestamp": "2025-09-06 04:05:58"
}