{
  "semantic_score": -0.047552,
  "technical_score": 0.173237,
  "aesthetic_score": 0.226059,
  "fused_score": 0.351744,
  "filename": "vegetables_av1_1280x720_q48.lanczos.mkv",
  "timestamp": "2025-09-05 20:32:36"
}