{
  "semantic_score": -0.03335,
  "technical_score": 0.369553,
  "aesthetic_score": 0.380869,
  "fused_score": 0.717072,
  "filename": "vegetables_dcvcrt_640x360_q34.scst.mkv",
  "timestamp": "2025-09-06 03:34:28"
}