{
  "semantic_score": -0.045292,
  "technical_score": 0.828374,
  "aesthetic_score": 0.346339,
  "fused_score": 1.129421,
  "filename": "vegetables_original_1280x720_q0.dove.mkv",
  "timestamp": "2025-09-05 21:26:54"
}