{
  "semantic_score": -0.037171,
  "technical_score": 0.301649,
  "aesthetic_score": 0.404421,
  "fused_score": 0.668898,
  "filename": "vegetables_dcvcrt_640x360_q34.rhea.mkv",
  "timestamp": "2025-09-06 07:23:26"
}