{
  "semantic_score": -0.043672,
  "technical_score": 0.750243,
  "aesthetic_score": 0.380761,
  "fused_score": 1.087332,
  "filename": "vegetables_dcvcrt_1280x720_q42.dove.mkv",
  "timestamp": "2025-09-06 06:46:08"
}