{
  "semantic_score": -0.054446,
  "technical_score": -0.289733,
  "aesthetic_score": 0.133969,
  "fused_score": -0.21021,
  "filename": "vegetables_av1_640x360_q54.lanczos.mkv",
  "timestamp": "2025-09-06 09:07:40"
}