{
  "semantic_score": -0.031692,
  "technical_score": 0.660177,
  "aesthetic_score": 0.401776,
  "fused_score": 1.030262,
  "filename": "vegetables_original_640x360_q0.scst.mkv",
  "timestamp": "2025-09-06 08:11:12"
}