{
  "semantic_score": -0.042606,
  "technical_score": 0.756693,
  "aesthetic_score": 0.340409,
  "fused_score": 1.054496,
  "filename": "vegetables_original_1280x720_q0.rhea.mkv",
  "timestamp": "2025-09-06 00:27:49"
}