{
  "semantic_score": -0.048141,
  "technical_score": 0.514318,
  "aesthetic_score": 0.262775,
  "fused_score": 0.728952,
  "filename": "vegetables_av1_1280x720_q48.seedvr2.mkv",
  "timestamp": "2025-09-06 03:20:06"
}