{
  "semantic_score": -0.047071,
  "technical_score": -0.246193,
  "aesthetic_score": 0.291668,
  "fused_score": -0.001596,
  "filename": "vegetables_dcvcrt_640x360_q34.lanczos.mkv",
  "timestamp": "2025-09-06 04:14:14"
}