{
  "semantic_score": -0.040958,
  "technical_score": 0.777252,
  "aesthetic_score": 0.422526,
  "fused_score": 1.158819,
  "filename": "vegetables_dcvcrt_1280x720_q42.rhea.mkv",
  "timestamp": "2025-09-06 08:56:43"
}