{
  "semantic_score": -0.052524,
  "technical_score": 0.477055,
  "aesthetic_score": 0.237442,
  "fused_score": 0.661974,
  "filename": "vegetables_av1_640x360_q54.dove.mkv",
  "timestamp": "2025-09-06 01:40:06"
}