{
  "semantic_score": -0.031628,
  "technical_score": 0.6272,
  "aesthetic_score": 0.390616,
  "fused_score": 0.986187,
  "filename": "vegetables_dcvcrt_1280x720_q42.scst.mkv",
  "timestamp": "2025-09-06 02:08:25"
}