{
  "semantic_score": -0.043046,
  "technical_score": 0.383313,
  "aesthetic_score": 0.321936,
  "fused_score": 0.662203,
  "filename": "vegetables_av1_1280x720_q48.starlightmini.mkv",
  "timestamp": "2025-09-06 04:45:40"
}