{
  "semantic_score": -0.036695,
  "technical_score": 0.240183,
  "aesthetic_score": 0.398914,
  "fused_score": 0.602402,
  "filename": "vegetables_dcvcrt_640x360_q34.starlightmini.mkv",
  "timestamp": "2025-09-06 07:57:08"
}