{
  "semantic_score": -0.050787,
  "technical_score": 0.635203,
  "aesthetic_score": 0.300603,
  "fused_score": 0.885019,
  "filename": "vegetables_original_1280x720_q0.seedvr2.mkv",
  "timestamp": "2025-09-05 22:58:01"
}