{
  "semantic_score": -0.030848,
  "technical_score": 0.750057,
  "aesthetic_score": 0.373666,
  "fused_score": 1.092876,
  "filename": "vegetables_original_1280x720_q0.scst.mkv",
  "timestamp": "2025-09-06 04:54:19"
}