{
  "semantic_score": -0.052718,
  "technical_score": 0.647584,
  "aesthetic_score": 0.268888,
  "fused_score": 0.863755,
  "filename": "vegetables_original_640x360_q0.seedvr2.mkv",
  "timestamp": "2025-09-05 22:26:05"
}