{
  "semantic_score": -0.044563,
  "technical_score": 0.653367,
  "aesthetic_score": 0.361196,
  "fused_score": 0.97,
  "filename": "vegetables_dcvcrt_1280x720_q42.seedvr2.mkv",
  "timestamp": "2025-09-06 04:31:44"
}