{
  "semantic_score": -0.032438,
  "technical_score": 0.549933,
  "aesthetic_score": 0.325766,
  "fused_score": 0.84326,
  "filename": "vegetables_av1_640x360_q54.scst.mkv",
  "timestamp": "2025-09-06 07:45:54"
}