{
  "semantic_score": -0.043728,
  "technical_score": 0.400145,
  "aesthetic_score": 0.358585,
  "fused_score": 0.715002,
  "filename": "vegetables_av1_640x360_q54.rhea.mkv",
  "timestamp": "2025-09-06 02:54:10"
}