{
  "semantic_score": -0.05342,
  "technical_score": 0.685928,
  "aesthetic_score": 0.36393,
  "fused_score": 0.996438,
  "filename": "water_original_1280x720_q0.scst.mkv",
  "timestamp": "2025-09-06 05:34:27"
}