{
  "semantic_score": -0.045952,
  "technical_score": 0.115375,
  "aesthetic_score": 0.269056,
  "fused_score": 0.338479,
  "filename": "water_dcvcrt_640x360_q34.rhea.mkv",
  "timestamp": "2025-09-06 04:51:18"
}