{
  "semantic_score": -0.07304,
  "technical_score": -0.31102,
  "aesthetic_score": 0.133335,
  "fused_score": -0.250725,
  "filename": "water_av1_1280x720_q48.lanczos.mkv",
  "timestamp": "2025-09-06 03:25:47"
}