{
  "semantic_score": -0.04956,
  "technical_score": 0.595223,
  "aesthetic_score": 0.328866,
  "fused_score": 0.874528,
  "filename": "water_av1_1280x720_q48.dove.mkv",
  "timestamp": "2025-09-06 00:38:15"
}