{
  "semantic_score": -0.069528,
  "technical_score": -0.006614,
  "aesthetic_score": -0.057803,
  "fused_score": -0.133945,
  "filename": "water_av1_640x360_q54.scst.mkv",
  "timestamp": "2025-09-06 07:12:09"
}