{
  "semantic_score": -0.046681,
  "technical_score": 0.717641,
  "aesthetic_score": 0.394136,
  "fused_score": 1.065095,
  "filename": "water_original_1280x720_q0.starlightmini.mkv",
  "timestamp": "2025-09-06 05:42:59"
}