{
  "semantic_score": -0.050371,
  "technical_score": 0.633994,
  "aesthetic_score": 0.432236,
  "fused_score": 1.015859,
  "filename": "water_original_640x360_q0.dove.mkv",
  "timestamp": "2025-09-05 21:17:28"
}