{
  "semantic_score": -0.03963,
  "technical_score": 0.30226,
  "aesthetic_score": 0.32294,
  "fused_score": 0.585569,
  "filename": "water_dcvcrt_640x360_q34.dove.mkv",
  "timestamp": "2025-09-06 05:11:38"
}