{
  "semantic_score": -0.103046,
  "technical_score": -0.861372,
  "aesthetic_score": -0.273878,
  "fused_score": -1.238296,
  "filename": "water_av1_640x360_q54.lanczos.mkv",
  "timestamp": "2025-09-06 06:20:22"
}