{
  "semantic_score": -0.053523,
  "technical_score": 0.441342,
  "aesthetic_score": 0.298451,
  "fused_score": 0.68627,
  "filename": "water_av1_1280x720_q48.seedvr2.mkv",
  "timestamp": "2025-09-05 21:32:04"
}