{
  "semantic_score": -0.054248,
  "technical_score": 0.115608,
  "aesthetic_score": 0.302564,
  "fused_score": 0.363924,
  "filename": "water_original_1280x720_q0.lanczos.mkv",
  "timestamp": "2025-09-06 07:06:23"
}