{
  "semantic_score": -0.055617,
  "technical_score": 0.462491,
  "aesthetic_score": 0.297311,
  "fused_score": 0.704185,
  "filename": "water_original_3840x2160_q0.source.mkv",
  "timestamp": "2025-09-05 23:36:45"
}