{
  "semantic_score": -0.047764,
  "technical_score": 0.430577,
  "aesthetic_score": 0.350822,
  "fused_score": 0.733635,
  "filename": "water_dcvcrt_1280x720_q42.scst.mkv",
  "timestamp": "2025-09-05 23:55:35"
}