{
  "semantic_score": -0.047736,
  "technical_score": 0.586231,
  "aesthetic_score": 0.411336,
  "fused_score": 0.949831,
  "filename": "water_av1_1280x720_q48.rhea.mkv",
  "timestamp": "2025-09-05 21:41:51"
}