{
  "semantic_score": -0.048416,
  "technical_score": 0.467653,
  "aesthetic_score": 0.384588,
  "fused_score": 0.803825,
  "filename": "water_original_640x360_q0.starlightmini.mkv",
  "timestamp": "2025-09-06 08:45:27"
}