{
  "semantic_score": -0.05823,
  "technical_score": 0.278947,
  "aesthetic_score": 0.249913,
  "fused_score": 0.470629,
  "filename": "water_av1_1280x720_q48.scst.mkv",
  "timestamp": "2025-09-06 05:14:37"
}