{
  "semantic_score": -0.063945,
  "technical_score": -0.053181,
  "aesthetic_score": 0.091782,
  "fused_score": -0.025345,
  "filename": "water_av1_640x360_q54.starlightmini.mkv",
  "timestamp": "2025-09-05 22:10:44"
}