{
  "semantic_score": -0.069237,
  "technical_score": -0.672154,
  "aesthetic_score": 0.074096,
  "fused_score": -0.667295,
  "filename": "water_original_640x360_q0.lanczos.mkv",
  "timestamp": "2025-09-06 04:22:52"
}