{
  "semantic_score": -0.043651,
  "technical_score": 0.614009,
  "aesthetic_score": 0.40761,
  "fused_score": 0.977968,
  "filename": "water_dcvcrt_1280x720_q42.dove.mkv",
  "timestamp": "2025-09-06 06:31:51"
}