{
  "semantic_score": -0.054446,
  "technical_score": 0.080321,
  "aesthetic_score": 0.250906,
  "fused_score": 0.276782,
  "filename": "water_av1_640x360_q54.rhea.mkv",
  "timestamp": "2025-09-06 03:37:22"
}