{
  "semantic_score": -0.049235,
  "technical_score": 0.397479,
  "aesthetic_score": 0.309486,
  "fused_score": 0.657731,
  "filename": "water_dcvcrt_1280x720_q42.seedvr2.mkv",
  "timestamp": "2025-09-06 02:51:21"
}