{
  "semantic_score": -0.054659,
  "technical_score": -0.040005,
  "aesthetic_score": 0.270994,
  "fused_score": 0.17633,
  "filename": "water_original_640x360_q0.rhea.mkv",
  "timestamp": "2025-09-06 00:13:11"
}