{
  "semantic_score": -0.077693,
  "technical_score": -0.659105,
  "aesthetic_score": 0.018634,
  "fused_score": -0.718164,
  "filename": "water_dcvcrt_640x360_q34.lanczos.mkv",
  "timestamp": "2025-09-06 05:31:23"
}