{
  "semantic_score": -0.063658,
  "technical_score": 0.522247,
  "aesthetic_score": 0.218078,
  "fused_score": 0.676667,
  "filename": "water_original_1280x720_q0.seedvr2.mkv",
  "timestamp": "2025-09-06 06:28:57"
}