{
  "semantic_score": -0.048646,
  "technical_score": 0.748631,
  "aesthetic_score": 0.424552,
  "fused_score": 1.124537,
  "filename": "water_original_1280x720_q0.dove.mkv",
  "timestamp": "2025-09-06 01:19:06"
}