{
  "semantic_score": -0.069472,
  "technical_score": -0.178151,
  "aesthetic_score": -0.008882,
  "fused_score": -0.256505,
  "filename": "water_av1_640x360_q54.seedvr2.mkv",
  "timestamp": "2025-09-06 06:43:23"
}