{
  "semantic_score": -0.056871,
  "technical_score": 0.226285,
  "aesthetic_score": 0.156295,
  "fused_score": 0.325709,
  "filename": "water_av1_640x360_q54.dove.mkv",
  "timestamp": "2025-09-06 01:34:31"
}