{
  "semantic_score": -0.046655,
  "technical_score": 0.297514,
  "aesthetic_score": 0.249548,
  "fused_score": 0.500407,
  "filename": "water_dcvcrt_640x360_q34.starlightmini.mkv",
  "timestamp": "2025-09-05 21:51:37"
}