{
  "semantic_score": -0.055782,
  "technical_score": -0.19131,
  "aesthetic_score": 0.129939,
  "fused_score": -0.117153,
  "filename": "water_dcvcrt_640x360_q34.seedvr2.mkv",
  "timestamp": "2025-09-06 07:26:24"
}