{
  "semantic_score": -0.054632,
  "technical_score": 0.415105,
  "aesthetic_score": 0.240472,
  "fused_score": 0.600945,
  "filename": "water_av1_1280x720_q48.starlightmini.mkv",
  "timestamp": "2025-09-06 00:53:12"
}