{
  "semantic_score": -0.057007,
  "technical_score": 0.514764,
  "aesthetic_score": 0.376855,
  "fused_score": 0.834612,
  "filename": "water_original_640x360_q0.scst.mkv",
  "timestamp": "2025-09-06 05:00:10"
}