{
  "semantic_score": -0.05588,
  "technical_score": -0.007337,
  "aesthetic_score": 0.16464,
  "fused_score": 0.101423,
  "filename": "water_dcvcrt_640x360_q34.scst.mkv",
  "timestamp": "2025-09-06 00:33:10"
}