{
  "semantic_score": -0.04497,
  "technical_score": 0.573678,
  "aesthetic_score": 0.371246,
  "fused_score": 0.899954,
  "filename": "water_dcvcrt_1280x720_q42.starlightmini.mkv",
  "timestamp": "2025-09-05 20:57:54"
}