{
  "semantic_score": -0.043364,
  "technical_score": 0.64866,
  "aesthetic_score": 0.407119,
  "fused_score": 1.012415,
  "filename": "water_dcvcrt_1280x720_q42.rhea.mkv",
  "timestamp": "2025-09-06 03:43:06"
}