{
  "semantic_score": -0.062432,
  "technical_score": 0.518338,
  "aesthetic_score": 0.240782,
  "fused_score": 0.696688,
  "filename": "water_original_640x360_q0.seedvr2.mkv",
  "timestamp": "2025-09-06 08:14:19"
}