{
  "semantic_score": -0.055214,
  "technical_score": -0.032473,
  "aesthetic_score": 0.30857,
  "fused_score": 0.220883,
  "filename": "water_dcvcrt_1280x720_q42.lanczos.mkv",
  "timestamp": "2025-09-05 22:31:02"
}