{
  "semantic_score": -0.054304,
  "technical_score": 0.676959,
  "aesthetic_score": 0.369633,
  "fused_score": 0.992288,
  "filename": "water_original_1280x720_q0.rhea.mkv",
  "timestamp": "2025-09-05 20:52:50"
}